time,temperature,wavelength,value
23.4784,44.0587,1534.4,0.823606
46.9481,43.8558,1534.4,0.822348
70.4303,43.7284,1534.4,0.823367
93.9101,43.7176,1534.4,0.82293
117.388,43.6188,1534.4,0.821335
140.864,43.5424,1534.1,0.82329
164.339,43.2544,1534.1,0.82293
187.823,43.3122,1534.0,0.822787
211.299,43.1644,1534.0,0.824505
234.774,43.2414,1533.9,0.826251
261.67,43.0479,1533.9,0.824742
285.157,42.8361,1533.9,0.824214
308.632,42.7864,1533.9,0.824942
332.102,42.5993,1533.9,0.828109
355.579,42.5663,1533.8,0.827125
379.059,42.4771,1533.8,0.827817
402.538,42.4425,1533.7,0.825853
426.011,42.3548,1533.7,0.82527
449.496,42.316,1533.7,0.825998
472.965,42.0504,1533.7,0.825415
496.442,42.1087,1533.7,0.82731
519.926,41.9549,1533.6,0.826612
543.399,41.8983,1533.6,0.825448
566.88,41.6309,1533.6,0.823701
590.355,41.7422,1533.6,0.825739
613.838,41.7042,1533.6,0.825011
637.318,41.5517,1533.6,0.82734
660.791,41.4408,1533.6,0.828079
684.267,41.3386,1533.5,0.827058
707.745,41.3186,1533.5,0.825011
731.231,41.2286,1533.5,0.824651
754.709,41.2392,1533.5,0.828079
778.186,41.1173,1533.4,0.824942
801.659,40.9573,1533.4,0.823555
825.141,40.9015,1533.3,0.824181
848.618,40.8487,1533.3,0.825492
872.099,40.6813,1533.3,0.823307
895.574,40.6551,1533.3,0.824181
919.051,40.6434,1533.3,0.821122
942.536,40.2417,1533.3,0.82185
966.011,40.4955,1533.3,0.820722
989.489,40.3213,1533.2,0.820867
1012.97,40.2256,1533.2,0.82174
1036.45,40.2462,1533.1,0.822031
1059.92,40.1726,1533.1,0.822468
1083.4,39.8264,1533.1,0.820867
1106.88,40.0195,1533.1,0.821595
1130.36,39.8639,1533.1,0.81805
1153.83,39.8449,1533.0,0.819412
1177.31,39.4935,1532.9,0.820419
1200.79,39.771,1532.9,0.81834
1224.26,39.6032,1532.9,0.816887
1247.74,39.5305,1532.9,0.816306
1271.22,39.4141,1532.9,0.816713
1294.69,39.4387,1532.4,0.816015
1318.18,39.3526,1532.3,0.817439
1341.65,39.2639,1532.3,0.81569
1365.13,39.1933,1532.3,0.815839
1388.6,39.159,1532.2,0.815257
1412.07,39.1044,1532.2,0.815252
1435.55,38.894,1532.2,0.815839
1459.03,38.9618,1532.1,0.814874
1482.51,38.8947,1519.2,0.816654
1505.98,38.8112,1519.2,0.815875
1529.46,38.7323,1519.2,0.813199
1552.93,38.5749,1519.2,0.814286
1576.41,38.5994,1519.2,0.817432
1599.89,38.4649,1519.3,0.817332
1623.36,38.394,1519.3,0.819825
1646.84,38.4178,1519.3,0.816552
1670.32,38.3486,1519.3,0.818579
1693.79,38.1825,1519.3,0.818579
1717.27,38.0371,1519.3,0.818423
1740.74,37.9843,1519.3,0.818691
1764.22,38.0075,1519.3,0.81698
1787.7,37.9904,1519.4,0.818111
1811.17,37.8913,1519.4,0.816514
1834.65,37.789,1519.4,0.817799
1858.12,37.7513,1519.5,0.817191
1881.6,37.792,1519.5,0.818437
1905.09,37.6347,1529.9,0.81915
1928.56,37.6036,1529.9,0.818275
1952.04,37.5183,1529.9,0.818129
1975.52,37.4957,1529.9,0.818713
1998.98,37.4286,1529.9,0.817251
2022.47,37.2676,1529.9,0.819298
2045.94,37.2372,1529.9,0.820172
2069.42,37.1302,1529.9,0.8185
2092.89,37.0964,1529.9,0.820902
2116.37,36.9917,1529.9,0.82061
2139.85,37.03,1529.8,0.820756
2163.33,37.0489,1529.8,0.819374
2186.8,36.9093,1529.8,0.819519
2210.27,36.8729,1529.8,0.819284
2233.75,36.816,1529.0,0.819665
2257.23,36.8072,1529.0,0.820161
2280.7,36.6934,1529.0,0.820246
2304.18,36.5568,1529.0,0.81943
2327.66,36.5955,1529.0,0.820307
2351.14,36.2776,1529.0,0.822151
2374.61,36.4551,1529.0,0.821125
2398.09,36.4338,1528.9,0.821476
2421.56,36.2871,1528.9,0.820453
2445.04,36.269,1528.9,0.820246
2468.51,36.1665,1528.9,0.822444
2492.0,36.201,1528.9,0.821858
2515.47,36.133,1528.9,0.821711
2538.95,36.0542,1528.9,0.82259
2562.42,35.9376,1528.9,0.82303
2585.9,35.9214,1528.9,0.820832
2609.37,35.8971,1528.9,0.823323
2632.85,35.7083,1528.9,0.821874
2656.33,35.7037,1528.9,0.825081
2679.81,35.6869,1528.9,0.824055
2703.29,35.6674,1528.9,0.824348
2726.76,35.5378,1528.9,0.823176
2750.24,35.5285,1528.9,0.822297
2773.72,35.5902,1528.9,0.822737
2797.19,35.4906,1528.9,0.822737
2820.67,35.3962,1528.9,0.822737
2844.15,35.259,1528.9,0.822151
2867.62,35.2773,1528.8,0.824366
2891.09,35.2595,1528.8,0.8229
2914.57,35.211,1528.8,0.822167
2938.05,35.1326,1528.8,0.820261
2961.53,34.999,1528.8,0.820847
2985.01,35.1077,1524.7,0.820528
3008.48,34.864,1524.7,0.821498
3031.96,34.9009,1524.7,0.820582
3055.44,34.8886,1524.6,0.822682
3078.91,34.9274,1524.6,0.820882
3102.39,34.7687,1524.6,0.819997
3125.87,34.7579,1524.6,0.821799
3149.34,34.5803,1524.6,0.821799
3172.82,34.6802,1524.6,0.823361
3196.3,34.6041,1524.6,0.822399
3219.77,34.5852,1524.6,0.821949
3243.26,34.493,1524.7,0.822982
3266.74,34.4661,1524.7,0.823282
3290.21,34.4267,1524.7,0.822832
3313.68,34.3412,1524.7,0.822982
3337.16,34.3001,1524.7,0.823432
3360.64,34.2298,1524.7,0.82315
3384.12,34.1716,1524.7,0.823582
3407.59,34.0647,1524.7,0.822982
3431.07,34.0266,1524.7,0.822532
3454.54,34.0908,1524.7,0.821482
3478.02,33.9835,1524.7,0.821198
3501.5,33.767,1524.7,0.822532
3524.98,33.9005,1524.7,0.822549
3548.46,33.8924,1524.7,0.822682
3571.93,33.8085,1524.7,0.821332
3595.41,33.7727,1524.7,0.821348
3618.89,33.7294,1524.7,0.822382
3642.37,33.5887,1524.7,0.822532
3665.84,33.6661,1524.6,0.822232
3689.32,33.5307,1524.6,0.821799
3712.8,33.5404,1524.6,0.821198
3736.27,33.4588,1524.6,0.822249
3759.74,33.4491,1524.6,0.819547
3783.22,33.4317,1524.6,0.821648
3806.7,33.3946,1524.6,0.820748
3830.18,33.29,1524.6,0.820582
3853.66,33.3024,1524.6,0.819982
3877.13,33.237,1524.7,0.821032
3900.61,33.177,1524.7,0.821048
3924.09,33.0906,1524.6,0.817895
3947.57,33.1812,1524.6,0.820432
3971.04,33.0838,1524.6,0.818496
3994.52,33.0025,1524.6,0.818346
4017.99,32.9332,1524.6,0.817145
4041.47,32.96,1524.6,0.818346
4064.95,32.8335,1524.6,0.818632
4088.43,32.8612,1524.7,0.817295
4111.91,32.8459,1524.7,0.816682
4135.39,32.7855,1524.7,0.818332
4158.86,32.7058,1524.7,0.816682
4182.34,32.6811,1524.7,0.818782
4205.82,32.6157,1524.7,0.816232
4229.29,32.6065,1524.7,0.816694
4252.77,32.5777,1524.6,0.815032
4276.25,32.5023,1524.6,0.816994
4299.72,32.3073,1524.6,0.815643
4323.2,32.3971,1524.6,0.815643
4346.68,32.3488,1524.6,0.814893
4370.16,32.3564,1524.6,0.814442
4397.23,32.3017,1524.6,0.812491
4420.71,32.3042,1524.7,0.813381
4444.18,32.2497,1524.7,0.812931
4467.66,32.1484,1524.7,0.812631
4491.13,32.2116,1524.7,0.813981
4514.61,32.1779,1524.7,0.811281
4538.09,32.0811,1524.7,0.812481
4561.57,32.103,1524.7,0.810681
4585.05,31.9539,1524.7,0.810239
4608.53,31.9983,1524.7,0.812181
4632.0,31.9361,1524.7,0.809788
4655.49,31.9457,1524.6,0.810981
4678.96,31.9269,1524.6,0.811581
4702.44,31.8158,1504.4,0.810707
4725.91,31.8327,1504.4,0.808081
4749.39,31.7128,1504.4,0.809751
4772.87,31.7519,1504.4,0.80789
4796.34,31.7396,1504.4,0.808843
4819.82,31.7321,1504.4,0.809224
4843.3,31.6802,1504.4,0.809605
4866.77,31.6359,1504.4,0.809162
4890.26,31.6172,1504.4,0.810177
4913.73,31.611,1504.4,0.808271
4937.21,31.5171,1504.4,0.809605
4960.69,31.4973,1504.4,0.808271
4984.16,31.5014,1504.4,0.81113
5007.64,31.46,1504.4,0.809352
5031.12,31.3932,1504.5,0.809987
5054.6,31.3753,1504.5,0.808972
5078.07,31.3627,1504.5,0.809162
5101.55,31.317,1504.5,0.809922
5125.03,31.259,1504.5,0.810718
5148.5,31.2287,1504.5,0.810908
5171.99,31.2012,1504.6,0.809922
5195.46,31.1648,1504.6,0.808628
5218.94,31.0832,1504.6,0.811063
5242.41,31.1437,1504.6,0.810718
5265.89,30.9912,1504.6,0.810908
5289.37,31.0591,1504.6,0.810112
5312.84,31.01,1504.6,0.811288
5336.33,30.972,1504.6,0.810528
5359.8,30.9518,1504.6,0.810338
5383.28,30.9016,1504.6,0.810338
5406.75,30.8899,1504.6,0.811288
5430.23,30.8964,1504.6,0.810528
5453.71,30.7907,1504.6,0.809578
5477.18,30.7712,1504.6,0.809958
5500.67,30.7669,1504.6,0.810338
5524.14,30.6558,1504.7,0.809189
5547.62,30.7081,1504.7,0.808999
5571.09,30.6975,1504.7,0.810708
5594.58,30.6548,1504.7,0.810328
5618.05,30.5667,1504.7,0.812037
5641.53,30.6045,1504.7,0.809189
5665.01,30.5528,1504.7,0.810518
5688.48,30.41,1504.7,0.809569
5711.97,30.4551,1504.7,0.810708
5735.44,30.4419,1504.7,0.810148
5758.92,30.3701,1504.7,0.810708
5782.4,30.422,1504.7,0.812417
5805.88,30.3928,1504.7,0.809759
5829.36,30.2216,1504.7,0.809949
5852.83,30.3142,1504.7,0.811468
5876.31,30.3238,1504.7,0.811657
5899.79,30.2622,1504.7,0.811468
5923.27,30.232,1504.7,0.810518
5946.74,30.2125,1504.7,0.810518
5970.22,30.1805,1504.7,0.812607
5993.7,30.1143,1504.7,0.811088
6017.17,30.0482,1504.7,0.811657
6040.65,30.105,1504.7,0.810139
6064.13,30.0327,1504.7,0.811847
6087.6,30.0415,1504.7,0.812417
6111.09,30.0024,1504.7,0.809759
6134.56,29.9637,1504.7,0.811847
6158.04,29.9039,1504.7,0.810328
6181.52,29.9058,1504.7,0.811847
6205.0,29.8275,1504.7,0.810064
6228.47,29.8403,1504.7,0.811088
6251.94,29.8508,1504.8,0.809686
6275.42,29.7576,1504.8,0.809497
6298.9,29.7424,1504.8,0.811657
6322.38,29.763,1504.8,0.80874
6345.86,29.654,1504.8,0.809497
6369.33,29.624,1504.8,0.809118
6392.81,29.6903,1504.8,0.807983
6416.29,29.6018,1504.8,0.809875
6439.77,29.6044,1504.8,0.809118
6463.25,29.524,1504.8,0.809497
6486.72,29.5377,1504.8,0.809875
6510.2,29.5005,1504.8,0.810064
6533.68,29.5079,1504.8,0.809118
6557.16,29.3918,1504.8,0.810253
6580.63,29.4665,1504.8,0.811874
6604.11,29.3384,1504.8,0.80874
6627.58,29.3821,1504.9,0.809038
6651.06,29.3285,1504.9,0.811496
6674.54,29.2721,1504.9,0.809875
6698.02,29.3166,1504.9,0.809794
6721.5,29.2973,1504.9,0.810361
6744.98,29.268,1504.9,0.809605
6768.46,29.2515,1504.9,0.810739
6791.93,29.1004,1504.9,0.809416
6815.41,29.1894,1504.9,0.810361
6838.9,29.1467,1504.9,0.808659
6862.37,29.1158,1504.9,0.810739
6885.85,29.0595,1504.9,0.812063
6909.33,29.0579,1504.9,0.811117
6932.8,29.0325,1504.9,0.810928
6956.28,28.969,1504.9,0.811331
6979.76,28.9809,1504.9,0.809605
7003.24,28.9508,1505.0,0.811709
7026.72,28.9186,1505.0,0.810765
7050.2,28.9043,1505.0,0.809983
7073.67,28.8948,1505.0,0.810765
7097.16,28.8538,1505.0,0.810765
7120.64,28.8131,1505.0,0.81152
7144.12,28.8217,1505.0,0.811143
7167.59,28.7537,1505.0,0.812087
7191.07,28.7425,1505.0,0.812087
7214.56,28.6898,1505.0,0.810954
7238.04,28.5552,1505.0,0.810387
7261.52,28.6467,1505.0,0.811143
7284.99,28.6496,1505.0,0.810576
7308.48,28.5326,1505.0,0.810576
7331.95,28.622,1505.0,0.811331
7355.44,28.5348,1505.0,0.809632
7378.91,28.5106,1505.0,0.810765
7402.39,28.3821,1505.0,0.811709
7425.87,28.4583,1505.0,0.811143
7449.36,28.4361,1505.0,0.811143
7472.83,28.4607,1505.0,0.811898
7496.3,28.4051,1505.0,0.810009
7519.78,28.3513,1505.0,0.810954
7543.27,28.3712,1505.0,0.810198
7566.75,28.3916,1505.0,0.811331
7590.22,28.3212,1505.0,0.809254
7613.71,28.3103,1505.0,0.810765
7637.18,28.2922,1505.0,0.808126
7660.67,28.2867,1505.0,0.809443
7684.14,28.223,1505.0,0.810387
7707.62,28.1871,1505.0,0.810009
7731.1,28.1205,1505.0,0.810954
7754.58,28.1246,1505.0,0.810954
7778.06,28.1256,1505.0,0.810198
7801.53,28.1116,1505.0,0.808687
7825.01,28.1182,1505.0,0.811331
7848.5,28.0752,1505.0,0.809443
7871.98,28.0137,1505.0,0.809254
7895.45,28.0134,1505.0,0.809067
7918.93,27.9375,1505.1,0.810387
7942.41,27.9553,1505.0,0.810384
7965.89,27.9676,1505.1,0.809065
7989.37,27.9087,1505.1,0.808879
8012.85,27.8873,1505.1,0.808687
8036.33,27.8806,1505.1,0.808126
8059.81,27.8146,1505.1,0.80775
8083.28,27.846,1505.1,0.808691
8106.76,27.7931,1505.1,0.80775
8130.24,27.7176,1505.1,0.808126
8153.72,27.7765,1505.1,0.808691
8177.2,27.7274,1505.1,0.810008
8200.68,27.7156,1505.1,0.808315
8224.15,27.6188,1505.1,0.807374
8247.63,27.6928,1505.1,0.807938
8271.11,27.5975,1505.1,0.806998
8294.59,27.599,1505.1,0.805061
8318.07,27.5899,1505.1,0.80681
8341.55,27.5524,1505.1,0.80681
8365.03,27.5517,1505.1,0.805061
8388.51,27.5217,1505.1,0.80853
8411.99,27.4798,1495.7,0.806186
8435.46,27.5315,1495.7,0.811252
8458.95,27.4648,1495.7,0.808757
8482.43,27.4124,1495.7,0.808757
8505.9,27.3854,1495.7,0.80853
8532.77,27.4007,1495.7,0.804499
8556.25,27.3896,1495.7,0.804311
8579.73,27.3714,1495.7,0.805811
8603.22,27.3382,1505.2,0.809891
8626.69,27.3423,1495.7,0.806942
8650.16,27.2987,1495.7,0.808076
8673.64,27.211,1495.7,0.805623
8697.12,27.2007,1495.7,0.807623
8720.59,27.2354,1495.7,0.807849
8744.08,27.1983,1495.7,0.807849
8767.55,27.19,1495.7,0.808303
8791.04,27.1932,1495.7,0.807396
8814.51,27.1415,1495.7,0.808757
8837.99,27.1478,1495.7,0.807623
8861.47,27.1235,1495.7,0.807396
8884.94,27.1089,1495.7,0.80853
8908.41,27.0761,1495.7,0.807623
8931.89,27.046,1495.7,0.807849
8955.37,27.0024,1495.7,0.807396
8978.85,27.052,1495.7,0.807169
9002.32,27.0191,1495.7,0.80853
9025.8,26.9706,1495.7,0.805015
9049.28,26.9253,1495.7,0.807849
9072.76,26.9185,1495.7,0.807623
9096.24,26.9033,1495.7,0.810118
9119.71,26.8529,1495.7,0.80853
9143.19,26.8564,1495.7,0.808757
9166.66,26.8769,1495.7,0.806277
9190.15,26.8356,1495.7,0.806942
9213.62,26.8294,1495.7,0.808076
9237.1,26.8269,1495.8,0.809211
9260.58,26.7497,1495.8,0.805951
9284.05,26.7229,1495.8,0.807632
9307.54,26.668,1495.8,0.806277
9331.01,26.7331,1495.8,0.807406
9354.49,26.681,1495.8,0.805374
9377.96,26.6676,1495.8,0.807406
9401.45,26.6552,1495.8,0.803144
9424.92,26.6428,1495.8,0.806503
9448.4,26.6374,1495.8,0.805825
9471.88,26.6245,1495.8,0.80718
9495.35,26.5984,1495.8,0.807406
9518.84,26.5537,1495.8,0.807406
9542.31,26.5562,1495.8,0.806051
9565.79,26.5573,1495.8,0.808309
9589.27,26.492,1495.8,0.805825
9612.74,26.4946,1495.8,0.805825
9636.22,26.484,1495.8,0.807632
9659.7,26.4671,1495.8,0.806954
9683.17,26.456,1495.8,0.80718
9706.65,26.382,1495.8,0.80718
9730.13,26.416,1495.8,0.805825
9753.61,26.3536,1495.8,0.806051
9777.09,26.3848,1495.8,0.807857
9800.57,26.3646,1495.8,0.806728
9824.04,26.3562,1495.8,0.805599
9847.52,26.3379,1495.8,0.805374
9871.0,26.3148,1495.8,0.804922
9894.48,26.238,1495.8,0.80718
9917.96,26.2778,1495.8,0.805374
9941.43,26.2583,1495.8,0.804719
9964.91,26.193,1495.8,0.807857
9988.38,26.2509,1495.9,0.805599
10011.9,26.2108,1495.9,0.804494
10035.4,26.2064,1495.9,0.805393
10058.8,26.1286,1495.9,0.803371
10082.3,26.1643,1495.9,0.804719
10105.8,26.1288,1495.9,0.804045
10129.3,26.1013,1495.9,0.805393
10152.7,26.077,1495.9,0.804494
10176.2,25.9924,1495.9,0.80427
10199.7,26.057,1495.9,0.804494
10223.2,26.0602,1495.9,0.805618
10246.7,26.0058,1495.9,0.806292
10270.1,25.9779,1495.9,0.804494
10293.6,25.9635,1495.9,0.804494
10317.1,25.991,1495.9,0.804045
10340.6,25.9928,1495.9,0.805169
10364.0,25.9852,1495.9,0.804944
10387.5,25.9014,1495.9,0.804494
10411.0,25.9055,1495.9,0.804494
10434.5,25.8983,1495.9,0.804719
10458.0,25.8442,1495.9,0.806517
10481.4,25.8683,1495.9,0.80427
10504.9,25.8542,1495.9,0.805169
10528.4,25.8381,1495.9,0.804045
10551.9,25.8306,1495.9,0.803371
10575.3,25.769,1495.9,0.805843
10598.8,25.8136,1495.9,0.804719
10622.3,25.7994,1495.9,0.80427
10645.8,25.7877,1495.9,0.805843
10669.3,25.7698,1495.9,0.805393
10692.7,25.7165,1495.9,0.804944
10716.2,25.7135,1495.9,0.804944
10739.7,25.6965,1495.9,0.804944
10763.2,25.6641,1495.9,0.805393
10786.6,25.5916,1495.9,0.80382
10810.1,25.6553,1495.9,0.803146
10833.6,25.6466,1495.9,0.80382
10857.1,25.6034,1495.9,0.802921
10880.5,25.6173,1495.9,0.805393
10904.0,25.5934,1495.9,0.805618
10927.5,25.598,1495.9,0.804944
10951.0,25.543,1496.0,0.804616
10974.5,25.5537,1496.0,0.803944
10997.9,25.518,1496.0,0.805512
11021.4,25.4861,1496.0,0.802823
11044.9,25.4724,1496.0,0.804616
11068.4,25.522,1496.0,0.805064
11091.9,25.4593,1496.0,0.80484
11115.3,25.3921,1496.0,0.804616
11138.8,25.4294,1496.0,0.803719
11162.3,25.4158,1496.0,0.804168
11185.8,25.4222,1496.0,0.803719
11209.2,25.4121,1496.0,0.80484
11232.7,25.4031,1496.0,0.805618
11256.2,25.3759,1496.0,0.804168
11279.7,25.3694,1496.0,0.805288
11303.2,25.3469,1496.0,0.802823
11326.6,25.3148,1496.0,0.805064
11350.1,25.2602,1496.0,0.803495
11373.6,25.3375,1496.0,0.804168
11397.1,25.3152,1496.0,0.80596
11420.6,25.2796,1496.0,0.805512
11444.0,25.2885,1496.0,0.804616
11467.5,25.253,1496.0,0.80484
11491.0,25.2337,1496.0,0.803944
11514.5,25.2307,1496.0,0.806902
11537.9,25.2376,1496.0,0.803719
11561.4,25.2432,1496.0,0.804616
11584.9,25.2113,1496.0,0.804392
11608.4,25.1935,1496.0,0.80484
11631.8,25.1827,1496.0,0.804168
11655.3,25.1726,1496.0,0.804168
11678.8,25.1494,1496.0,0.803047
11702.3,25.1238,1496.0,0.805064
11725.8,25.1348,1496.0,0.806443
11749.2,25.1109,1496.0,0.804616
11772.7,25.0286,1496.0,0.805288
11796.2,25.0652,1496.0,0.804075
11819.7,25.0765,1496.0,0.80745
11843.1,25.0557,1496.0,0.803495
11866.6,25.0441,1496.1,0.806184
11890.1,25.0165,1496.0,0.80609
11913.6,25.023,1496.1,0.806538
11937.1,24.9879,1496.1,0.806986
11960.5,24.9836,1496.1,0.80596
11984.0,24.9808,1496.1,0.80609
12007.5,24.9409,1496.1,0.803627
12031.0,24.9512,1496.1,0.804616
12054.4,24.918,1496.1,0.806314
12077.9,24.8857,1496.1,0.80721
12101.4,24.9004,1496.1,0.804747
12124.9,24.9004,1496.1,0.805078
12148.4,24.8605,1496.1,0.806538
12171.8,24.8723,1496.1,0.805867
12195.3,24.8751,1496.1,0.80617
12218.8,24.8502,1496.1,0.804523
12242.3,24.8432,1496.1,0.804299
12265.8,24.8286,1496.1,0.805419
12289.2,24.843,1496.1,0.804971
12312.7,24.8083,1496.1,0.80617
12336.2,24.7791,1496.1,0.805195
12359.7,24.7869,1496.1,0.804075
12383.1,24.7821,1496.1,0.805195
12406.6,24.7512,1496.1,0.805078
12430.1,24.7638,1488.7,0.804747
12453.6,24.7154,1488.7,0.806443
12477.1,24.6825,1488.7,0.806716
12500.5,24.7049,1488.7,0.804532
12524.0,24.6299,1488.7,0.804259
12547.5,24.6697,1488.7,0.805419
12571.0,24.6586,1496.1,0.805078
12594.4,24.6337,1496.1,0.804523
12617.9,24.6299,1496.1,0.804971
12641.4,24.6194,1496.1,0.804747
12668.3,24.5279,1496.1,0.802732
12691.8,24.5547,1496.1,0.805351
12715.3,24.5786,1496.1,0.803851
12738.8,24.5559,1496.1,0.804523
12762.2,24.5607,1496.1,0.804387
12785.7,24.538,1496.1,0.805953
12809.2,24.5168,1496.1,0.80318
12832.7,24.5059,1496.1,0.804082
12856.2,24.495,1496.1,0.803627
12879.6,24.4798,1496.1,0.804532
12903.1,24.4577,1488.8,0.805442
12926.6,24.4868,1496.1,0.804523
12950.1,24.4808,1488.8,0.804163
12973.6,24.4698,1496.1,0.805351
12997.0,24.4309,1496.1,0.804747
13020.5,24.3948,1496.1,0.805714
13044.0,24.4187,1496.1,0.803939
13067.5,24.4018,1496.1,0.807073
13091.0,24.3409,1496.1,0.805714
13114.4,24.3697,1496.1,0.805195
13137.9,24.3311,1488.8,0.802449
13161.4,24.3325,1488.8,0.805058
13184.9,24.2682,1488.8,0.803537
13208.3,24.3185,1488.8,0.804898
13231.8,24.2986,1488.8,0.804354
13255.3,24.2975,1488.8,0.803265
13278.8,24.2654,1488.8,0.805714
13302.3,24.263,1488.8,0.804082
13325.7,24.2874,1488.8,0.803537
13349.2,24.2715,1488.8,0.802993
13372.7,24.1729,1488.8,0.805714
13396.2,24.2025,1488.8,0.804626
13419.7,24.1804,1488.8,0.805986
13443.1,24.187,1488.8,0.805986
13466.6,24.2067,1488.8,0.804898
13490.1,24.1748,1488.8,0.80573
13513.6,24.1436,1488.8,0.805442
13537.1,24.1646,1488.8,0.802449
13560.5,24.1348,1496.2,0.804834
13584.0,24.1149,1488.8,0.805986
13607.5,24.0566,1496.2,0.805953
13631.0,24.0594,1496.2,0.80573
13654.4,24.0602,1488.8,0.80517
13677.9,24.0595,1488.8,0.805506
13701.4,24.0604,1488.8,0.805986
13724.9,24.0456,1488.8,0.806803
13748.4,24.0264,1488.8,0.804626
13771.9,24.0215,1488.8,0.804898
13795.3,24.0517,1488.8,0.805986
13818.8,24.0272,1488.8,0.805986
13842.3,24.0283,1488.8,0.806803
13865.8,23.9922,1488.8,0.802993
13889.2,23.9587,1488.8,0.805456
13912.7,23.9628,1488.8,0.804082
13936.2,23.9822,1488.8,0.805442
13959.7,23.9709,1488.8,0.805714
13983.2,23.9589,1488.8,0.805986
14006.6,23.9063,1488.8,0.80381
14030.1,23.923,1488.8,0.805456
14053.6,23.9403,1488.8,0.804082
14077.1,23.9177,1488.8,0.805986
14100.6,23.8902,1488.8,0.805953
14124.0,23.8824,1488.8,0.803265
14147.5,23.8751,1488.8,0.806259
14171.0,23.877,1488.8,0.806259
14194.5,23.8546,1488.8,0.804898
14218.0,23.8527,1488.8,0.804626
14241.4,23.8542,1488.8,0.805442
14264.9,23.8315,1488.8,0.806531
14288.4,23.8506,1488.8,0.80517
14311.9,23.8279,1488.8,0.80517
14335.4,23.8319,1488.8,0.804082
14358.8,23.8184,1488.8,0.805442
14382.3,23.7576,1488.8,0.806531
14405.8,23.7776,1488.8,0.804997
14429.3,23.7697,1488.9,0.806355
14452.7,23.7589,1488.9,0.807245
14476.2,23.7042,1488.9,0.805442
14499.7,23.711,1488.9,0.803911
14523.2,23.6761,1488.9,0.806798
14546.7,23.711,1488.8,0.807347
14570.2,23.711,1488.9,0.806259
14593.6,23.7203,1488.8,0.806898
14617.1,23.6911,1488.8,0.80517
14640.6,23.6865,1488.8,0.805269
14664.1,23.6594,1488.9,0.80517
14687.6,23.6368,1488.9,0.807347
14711.0,23.5916,1488.9,0.806084
14734.5,23.5998,1488.9,0.80554
14758.0,23.627,1488.9,0.8088
14781.5,23.6156,1488.9,0.805442
14805.0,23.5844,1488.9,0.807442
14828.4,23.588,1488.9,0.805269
14851.9,23.6015,1488.9,0.805986
14875.4,23.6074,1488.9,0.806898
14898.9,23.5501,1488.9,0.807985
14922.3,23.528,1488.9,0.806531
14945.8,23.5432,1488.9,0.806084
14969.3,23.5303,1488.9,0.805986
14992.8,23.5356,1488.9,0.80554
15016.3,23.5076,1488.9,0.806574
15039.7,23.4907,1488.9,0.805812
15063.2,23.4977,1488.9,0.80554
15086.7,23.4992,1488.9,0.805714
15110.2,23.4557,1488.9,0.805812
15133.7,23.3678,1488.9,0.806627
15157.1,23.407,1488.9,0.807021
15180.6,23.3983,1488.9,0.806898
15204.1,23.4325,1488.9,0.806898
15227.6,23.441,1488.9,0.805812
15251.1,23.3661,1488.9,0.803911
15274.5,23.3923,1488.9,0.80717
15298.0,23.3794,1488.9,0.806898
15321.5,23.3691,1488.9,0.80554
15345.0,23.4048,1488.9,0.805812
15368.4,23.3708,1488.9,0.805812
15391.9,23.3463,1488.9,0.806084
15415.4,23.3226,1488.9,0.807442
15438.9,23.3163,1488.9,0.806898
15462.4,23.3233,1488.9,0.80717
15485.8,23.3253,1488.9,0.806898
15509.3,23.3154,1488.9,0.809343
15532.8,23.2973,1488.9,0.806898
15556.3,23.2901,1488.9,0.807713
15579.8,23.2564,1488.9,0.80554
15603.2,23.2436,1488.9,0.807985
15626.7,23.2516,1488.9,0.807442
15650.2,23.2639,1488.9,0.806084
15673.7,23.2719,1488.9,0.807985
15697.2,23.253,1488.9,0.804726
15720.6,23.2183,1488.9,0.80717
15744.1,23.2494,1488.9,0.80717
15767.6,23.2209,1488.9,0.808256
15791.1,23.2222,1488.9,0.808256
15814.6,23.2169,1488.9,0.807442
15838.0,23.2017,1488.9,0.807713
15861.5,23.1957,1488.9,0.807713
15885.0,23.1946,1488.9,0.80717
15908.5,23.1904,1488.9,0.80717
15932.0,23.1744,1488.9,0.806627
15955.4,23.1568,1488.9,0.807713
15978.9,23.1542,1488.9,0.808528
16002.4,23.1522,1488.9,0.807985
16025.9,23.1426,1488.9,0.807713
16049.3,23.1495,1488.9,0.806355
16072.8,23.1346,1488.9,0.809343
16096.3,23.1324,1488.9,0.804183
16119.8,23.1243,1488.9,0.8088
16143.3,23.1221,1488.9,0.806355
16166.7,23.117,1488.9,0.80554
16190.2,23.0863,1488.9,0.809071
16213.7,23.0548,1488.9,0.808528
16237.2,23.0398,1488.9,0.808528
16260.6,23.071,1488.9,0.807442
16284.1,23.0578,1488.9,0.80571
16307.6,23.0622,1488.9,0.806898
16331.1,23.0457,1488.9,0.807442
16354.6,23.0211,1488.9,0.809071
16378.0,23.0375,1488.9,0.807442
16401.5,23.0191,1488.9,0.809886
16425.0,23.0179,1488.9,0.806355
16448.5,22.9868,1488.9,0.807442
16472.0,22.9892,1488.9,0.807713
16495.4,22.9918,1488.9,0.807442
16518.9,22.9866,1488.9,0.809614
16542.4,22.9809,1488.9,0.807985
16565.9,22.9838,1488.9,0.80717
16589.3,22.967,1488.9,0.805812
16612.8,22.9452,1488.9,0.807442
16636.3,22.9552,1488.9,0.808256
16659.8,22.9487,1488.9,0.80717
16683.3,22.893,1488.9,0.806627
16706.7,22.9279,1488.9,0.804454
16730.2,22.9088,1488.9,0.808528
16753.7,22.9141,1488.9,0.807442
16777.2,22.9071,1488.9,0.80717
16803.9,22.8981,1488.9,0.807713
16827.4,22.89,1488.9,0.806084
16850.9,22.8823,1488.9,0.806898
16874.4,22.849,1488.9,0.806898
16897.8,22.8221,1488.9,0.80717
16921.3,22.8527,1488.9,0.808528
16944.8,22.8362,1488.9,0.805269
16968.3,22.8504,1488.9,0.8053
16991.8,22.8511,1488.9,0.808528
17015.2,22.7965,1488.9,0.80717
17038.7,22.7903,1488.9,0.809071
17062.2,22.8155,1488.9,0.805812
17085.7,22.7924,1488.9,0.808528
17109.1,22.7921,1488.9,0.808256
17132.6,22.7869,1488.9,0.8088
17156.1,22.7696,1488.9,0.806898
