fringe,start_nm,end_nm,total_shift_nm,direction,sensitivity_pm_per_C,r_squared,locked_rows
dip@1477.9,1477.9054640212696,1479.7681145546123,1.8626505333427303,→ longer λ,-87.93272522435304,0.9995928853612688,730
peak@1480.6,1480.6387856407725,1482.619230150992,1.9804445102195132,→ longer λ,-94.37193534082854,0.9993157125364969,730
dip@1483.5,1483.4824189408228,1485.6540394359233,2.1716204951005693,→ longer λ,-102.52167297181427,0.999632164028553,730
peak@1486.4,1486.4833690035805,1488.9364042683083,2.4530352647277596,→ longer λ,-115.24209831495017,0.9991249457035702,730
dip@1489.8,1489.8306511177607,1492.4704852590044,2.639834141243682,→ longer λ,-124.83209307724336,0.999691774831712,730
peak@1493.4,1493.4545770344034,1496.3905377564447,2.9359607220412727,→ longer λ,-141.26701916287047,0.9977610754200053,730
dip@1497.4,1497.4093682133662,1501.0142680243969,3.604899811030691,→ longer λ,-172.73902800506573,0.9990700656942448,730
peak@1501.9,1501.9389561891433,1506.454533320002,4.515577130858674,→ longer λ,-209.5698720193448,0.9944344114152623,730
dip@1507.7,1507.5748282145241,1514.1818441364667,6.607015921942548,→ longer λ,-320.3186371972162,0.9958728906146183,730
peak@1515.7,1515.6728860082778,1515.813441711576,0.14055570329810507,→ longer λ,-145.84246541120874,0.6607238318684487,9
dip@1526.2,1526.1956967226565,1526.3565549695945,0.16085824693800532,→ longer λ,-21.329206347147487,0.6040814240415059,132
peak@1534.6,1534.564772009424,1532.0774307628712,-2.48734124655266,→ shorter λ,403.41082598682857,0.911028936273967,65
dip@1542.3,1542.2786763979561,1534.852410843081,-7.4262655548750445,→ shorter λ,359.3383423370899,0.9971805005931724,730
peak@1547.2,1547.3371737036744,1541.9751375540607,-5.362036149613687,→ shorter λ,248.54446230580191,0.9969130068177922,730
dip@1551.3,1551.3003155002802,1546.91533431941,-4.384981180870227,→ shorter λ,209.7989243073476,0.9997778820633922,730
peak@1554.7,1554.6699507993342,1550.812935983081,-3.8570148162532405,→ shorter λ,184.10475408050726,0.9987090090156595,730
dip@1557.8,1557.7512852233838,1554.2444042920529,-3.5068809313308975,→ shorter λ,166.23922294686577,0.9997029131334726,730
peak@1560.5,1560.5118181915755,1557.2943238436771,-3.2174943478983096,→ shorter λ,151.15281867190396,0.9997104397420157,730
dip@1563.1,1563.0777555997524,1560.027288779399,-3.0504668203534493,→ shorter λ,143.38059103969664,0.9999099152862012,730
peak@1565.4,1565.4338643310334,1562.5766391807201,-2.8572251503132975,→ shorter λ,134.29665683967548,0.999730701277977,730
dip@1567.7,1567.6525099079822,1564.9057888733014,-2.7467210346808315,→ shorter λ,129.31996556708827,0.9999165790526982,730
peak@1569.7,1569.7243449810112,1567.1043619422414,-2.6199830387697602,→ shorter λ,123.69058070703834,0.9997501849109551,730
dip@1571.7,1571.695067124662,1569.1706451551,-2.524421969562127,→ shorter λ,118.8527976740504,0.999914604555264,730
peak@1573.6,1573.566391742443,1571.128557024343,-2.437834718100021,→ shorter λ,115.4026868226284,0.9997719092543746,730
