lambda_a,lambda_b,slope,r_squared,resid_rad,resolution,span_rad
1480.0,1485.0,0.0035095947713287452,0.7814611340527827,0.010358898411993007,2.9515938696452673,0.11491356960589982
1480.0,1490.0,0.007092422834834639,0.8242266536103029,0.018280739135980793,2.5775027182804746,0.21970121647331808
1480.0,1495.0,0.010764636865411558,0.8616223619594859,0.024077966641933776,2.2367653403432497,0.316049555905936
1480.0,1500.0,0.014542389537953244,0.8932251191988189,0.028063110488424654,1.929745480629889,0.4066563700834678
1480.0,1505.0,0.018441833527353547,0.9190579939983039,0.030546789302844903,1.6563856981756655,0.4928243176514968
1480.0,1510.0,0.022479121508506218,0.9395170198312192,0.03183387807615314,1.4161531207572786,0.5757316981903848
1480.0,1515.0,0.026670406156305077,0.9552560960892139,0.03221681521497098,1.207961177124957,0.6568474571761342
1480.0,1520.0,0.03103184014564396,0.9670619684672948,0.03196503222291109,1.0300720831535388,0.7421969185022022
1480.0,1525.0,0.0355795761514166,0.9757441260515918,0.031310298618546575,0.8800076337418639,0.8332586810629579
1480.0,1530.0,0.04032976684851683,0.982052800706781,0.03043004422261443,0.7545306259000485,0.9266306347147939
1480.0,1535.0,0.045298564911838465,0.9866276834463552,0.02943452746482089,0.6497894033090743,1.0266434384608978
1480.0,1540.0,0.050502123016275303,0.9899732461336265,0.02836769391353858,0.5617128987705434,1.1350954231958816
1480.0,1545.0,0.055956593836721115,0.9924537989670462,0.027233675310115134,0.4866928710775678,1.2481359022097642
1480.0,1550.0,0.061678130048069706,0.994301414464521,0.026061634765574007,0.4225425567419523,1.3652752328164546
1480.0,1555.0,0.06768288432521492,0.9956312087903745,0.025023969433294817,0.36972374452978596,1.486783525178776
1480.0,1560.0,0.07398700934305047,0.9964601666576803,0.024612904023808065,0.33266521031668017,1.6247940213487482
1480.0,1565.0,0.08060665777647023,0.9967271718662396,0.025780439329132876,0.31983014852972114,1.7726020257108495
1480.0,1570.0,0.08755798230036797,0.9963129600733494,0.029729165881120668,0.33953690000683956,1.935848936151693
1485.0,1490.0,0.0035828280635058934,0.8636130250570326,0.007946918746580786,2.2180575248717105,0.10478764686741826
1485.0,1495.0,0.007255042094082815,0.8958613815438823,0.013806111721751562,1.9029678315735445,0.20185923956574214
1485.0,1500.0,0.011032794766624502,0.9220353355573866,0.017906331186129866,1.6230095424505329,0.29275669963890927
1485.0,1505.0,0.014932238756024802,0.9425319645302148,0.020579556246847847,1.378196302851405,0.3789246472069365
1485.0,1510.0,0.018969526737177476,0.9580438722261514,0.022156820824796263,1.1680218031677174,0.4621338337234775
1485.0,1515.0,0.023160811384976342,0.9694220715064551,0.02295870021429485,0.9912735712353932,0.5509969565344548
1485.0,1520.0,0.027522245374315225,0.9775527888407822,0.023277744537167338,0.8457792676643668,0.6405557754815945
1485.0,1525.0,0.03206998138008786,0.9832645338137946,0.02335223092243362,0.7281647795696239,0.7366315751465393
1485.0,1530.0,0.03682017207718809,0.9872693612476884,0.023336677804814177,0.6338014324292742,0.8353077266947047
1485.0,1535.0,0.04178897014050973,0.9901340940199612,0.02328247234543026,0.5571439608859973,0.9409608330114523
1485.0,1540.0,0.04699252824494655,0.9922737881886484,0.023144207016785275,0.4925082322906119,1.0501725705953504
1485.0,1545.0,0.05244699906539239,0.9939595738634731,0.02282002000328299,0.43510630560254454,1.163213049609233
1485.0,1550.0,0.05816853527674098,0.9953345404080297,0.02222781406852036,0.38212779405171443,1.2803523802159251
1485.0,1555.0,0.0641732895538862,0.9964333137283785,0.021429329684706233,0.33392911340024206,1.4018606725782448
1485.0,1560.0,0.07047741457172174,0.9972027185034649,0.02083398139390619,0.2956121690971562,1.5407065811669511
1485.0,1565.0,0.07709706300514146,0.9975221785253426,0.021446553432041507,0.27817601081134924,1.6885145855290524
1485.0,1570.0,0.08404838752903925,0.9972232756448548,0.024754007383627468,0.29452090767446076,1.8511076598846472
1490.0,1495.0,0.0036722140305769212,0.9234839718667215,0.005899775178061116,1.6065989424734688,0.09709591805430229
1490.0,1500.0,0.0074499667031186064,0.9442481685720888,0.010103847299908573,1.3562271755763733,0.1879933781274694
1490.0,1505.0,0.011349410692518902,0.9597321907924646,0.012975473967232283,1.1432729256846101,0.27566580527916784
1490.0,1510.0,0.01538669867367158,0.9708373503375022,0.014884410868192758,0.9673557131304394,0.36464047943143996
1490.0,1515.0,0.019577983321470455,0.9785194148894524,0.016190200717810705,0.826959572493634,0.4557640599233377
1490.0,1520.0,0.023939417310809327,0.983683350949497,0.017208671723290676,0.7188425474132352,0.5501907022258195
1490.0,1525.0,0.028487153316581963,0.9871154935134315,0.01816539775155769,0.6376698138168784,0.6471627592428497
1490.0,1530.0,0.03323734401368219,0.9894492756378025,0.019156520648688016,0.5763553381642713,0.7495273444552595
1490.0,1535.0,0.038206142077003846,0.9911561327292372,0.02014323441798337,0.5272250303991702,0.8551804507720053
1490.0,1540.0,0.043409700181440664,0.9925527012570793,0.020987240294640462,0.48346890687840605,0.964392188355907
1490.0,1545.0,0.04886417100188647,0.993817050425245,0.021512016114447925,0.4402410943105414,1.0774326673697878
1490.0,1550.0,0.05458570721323506,0.9950089278963211,0.021577857632590493,0.39530233708062396,1.1975552724631537
1490.0,1555.0,0.060590461490380276,0.9960910296295816,0.021185166609510732,0.34964524264061303,1.3227898106589926
1490.0,1560.0,0.06689458650821584,0.9969497971045462,0.020652120110690717,0.30872632882115614,1.4570154863028328
1490.0,1565.0,0.07351423494163559,0.9974151767218489,0.020887902549169116,0.2841341213134087,1.6048234906649341
1490.0,1570.0,0.08046555946553337,0.9972792472208013,0.023458062218366143,0.29152922535030873,1.7676768034908363
1495.0,1500.0,0.003777752672541689,0.9605237688175274,0.004274578075767403,1.131513480709537,0.09161951926723688
1495.0,1505.0,0.007677196661941984,0.9715749214863583,0.007329279824519117,0.9546817864979821,0.181512992238261
1495.0,1510.0,0.01171448464309466,0.9789722612946377,0.009582530909221676,0.818007040102297,0.2728061562014048
1495.0,1515.0,0.01590576929089353,0.9836930576924765,0.011430285858188,0.7186251509841864,0.3657066685628845
1495.0,1520.0,0.020267203280232394,0.9865985960628723,0.013183923504428912,0.650505317489357,0.46090856293076854
1495.0,1525.0,0.024814939286005037,0.9883926348488669,0.015009327672944058,0.6048504693061618,0.5602547372016726
1495.0,1530.0,0.029565129983105284,0.9896084170283648,0.016909661192357157,0.5719461136149249,0.6626193224140842
1495.0,1535.0,0.03453392804642693,0.9906143999400381,0.01876163281916796,0.5432811695774973,0.7682724287308282
1495.0,1540.0,0.03973748615086375,0.9916304224736565,0.020376199567484862,0.5127702213000195,0.879756757136672
1495.0,1545.0,0.045191956971309545,0.9927484851316366,0.02155767157809063,0.47702451991129047,0.9967426584889294
1495.0,1550.0,0.05091349318265814,0.9939546352349875,0.022161891144433052,0.4352852212462551,1.1178196036657884
1495.0,1555.0,0.05691824745980333,0.9951502007411215,0.022177624817445302,0.3896399802735938,1.2430541418616272
1495.0,1560.0,0.06322237247763893,0.9961717417046235,0.021875109971152596,0.3460026745894357,1.3731368860125368
1495.0,1565.0,0.06984202091105865,0.9968096894341507,0.022053275443686928,0.3157594118270288,1.520944890374638
1495.0,1570.0,0.07679334543495644,0.9968258630575425,0.0241864827848608,0.3149554515156085,1.6848075922105146
1500.0,1505.0,0.003899443989400292,0.9791400702191151,0.003176747117213466,0.8146666873145749,0.09082667210836792
1500.0,1510.0,0.007936731970552972,0.9835806922789713,0.0057234789052447175,0.7211379855688825,0.18252719440514475
1500.0,1515.0,0.012128016618351842,0.9860587657793879,0.008048870590174785,0.6636592646150744,0.27600491743281363
1500.0,1520.0,0.016489450607690706,0.9873512009180214,0.010416958946513444,0.6317347493466494,0.3726027909250327
1500.0,1525.0,0.02103718661346336,0.9880581452714617,0.012908573404117038,0.6136074010892607,0.47194896519593676
1500.0,1530.0,0.025787377310563596,0.9886060761649401,0.015451766682295039,0.5991988443107529,0.5746306684502862
1500.0,1535.0,0.030756175373885232,0.9892632597991037,0.01788374874000687,0.5814685513593405,0.6836341297364967
1500.0,1540.0,0.035959733478322056,0.9901608098740339,0.020007334022027503,0.5563815992709933,0.7965955364585406
1500.0,1545.0,0.04141420429876786,0.9913151684592539,0.021635657311063403,0.5224211759564604,0.913581437810798
1500.0,1550.0,0.04713574051011647,0.9926498614857313,0.02263841419961564,0.4802812887761228,1.0349525408518838
1500.0,1555.0,0.05314049478726165,0.9940157310723435,0.023013382976735344,0.4330667802184616,1.1622391269322785
1500.0,1560.0,0.05944461980509723,0.9952096076041845,0.023019016654822234,0.3872346518540339,1.2928508844562199
1500.0,1565.0,0.06606426823851697,0.995991707595128,0.023391841589783014,0.35407705577438064,1.4408904542302672
1500.0,1570.0,0.07301559276241476,0.9961020731996255,0.025493324944473778,0.3491490513187565,1.6035930540070673
1505.0,1510.0,0.00403728798115268,0.9857295264418873,0.0027112900948018503,0.6715622238143523,0.09191160242332863
1505.0,1515.0,0.008228572628951552,0.9866101204495499,0.005350396996663819,0.6502217623794058,0.18603128529969126
1505.0,1520.0,0.012590006618290413,0.9868365936633429,0.008115839096575515,0.6446254829433568,0.2826291587919112
1505.0,1525.0,0.017137742624063066,0.986899441041478,0.01102067071911753,0.6430643148791038,0.38286528165224265
1505.0,1530.0,0.021887933321163306,0.9871219424960512,0.013953735384219328,0.6375081273994722,0.4879773466970061
1505.0,1535.0,0.02685673138448494,0.9876810426834814,0.016740858299391502,0.6233393803485204,0.5969808079832175
1505.0,1540.0,0.03206028948892176,0.9886303101633641,0.01918981271940414,0.5985539440008819,0.7110777592989139
1505.0,1545.0,0.037514760309367574,0.9899222869459525,0.02112654932322411,0.5631529869577424,0.8309636085300784
1505.0,1550.0,0.04323629652071617,0.9914291428577747,0.022437564957042497,0.5189520556251112,0.9546748918462189
1505.0,1555.0,0.04924105079786137,0.9929615006945124,0.02313913350452131,0.46991551011998883,1.0819614779266136
1505.0,1560.0,0.055545175815696936,0.994285752441844,0.023502616389954822,0.4231261499277321,1.212573235450554
1505.0,1565.0,0.06216482424911666,0.9951402996653638,0.024246733938528147,0.39003945127171635,1.3632738816453127
1505.0,1570.0,0.06911614877301446,0.9952510492521159,0.026647593223550273,0.38554800428860836,1.5259764814221128
1510.0,1515.0,0.004191284647798869,0.9861689490368972,0.002770416302353709,0.6609945482487438,0.09411968287636219
1510.0,1520.0,0.008552718637137732,0.9857656701863456,0.0057362992736522895,0.6706989341078113,0.19136609163173812
1510.0,1525.0,0.013100454642910386,0.9855185098872411,0.00886352654823886,0.6765815988711172,0.2926533096294368
1510.0,1530.0,0.017850645340010626,0.9856569186920923,0.012018719874130458,0.673293298096712,0.3977653746741998
1510.0,1535.0,0.022819443403332265,0.9862781762791174,0.015023018502376858,0.6583428980648619,0.509163341817082
1510.0,1540.0,0.02802300150776908,0.9873703275530852,0.017689542730909575,0.6312508217938516,0.6249736256425611
1510.0,1545.0,0.033477472328214894,0.9888333970373235,0.019856266034964504,0.5931232155251338,0.7448594748737261
1510.0,1550.0,0.039199008539563485,0.9904985427493609,0.021428374121541208,0.5466560231979742,0.8685707581898665
1510.0,1555.0,0.045203762816708695,0.9921454257548646,0.02244885494197974,0.4966147405251396,0.9958573442702612
1510.0,1560.0,0.05150788783454425,0.9935182924157904,0.023220762331278143,0.45081954060839824,1.1285203391235363
1510.0,1565.0,0.058127536267964006,0.9943412312438864,0.024474910590223543,0.42105535795282745,1.2817047955134662
1510.0,1570.0,0.06507886079186179,0.9943328796427192,0.02742213146714156,0.4213677242268313,1.4444073952902663
1515.0,1520.0,0.004361433989338865,0.9846637533022831,0.0030380213379411847,0.696564787032741,0.09752892014501757
1515.0,1525.0,0.008909169995111516,0.9843406958874984,0.006271865024264918,0.7039786004427243,0.19908950867971686
1515.0,1530.0,0.013659360692211756,0.9845477497219992,0.00955110890205106,0.6992354266987676,0.30599826773167793
1515.0,1535.0,0.01862815875553339,0.9853148073972435,0.012693114507446179,0.6813939409699179,0.417482854830755
1515.0,1540.0,0.02383171685997021,0.986575943266569,0.015515933443085328,0.6510623441128246,0.5332931386562343
1515.0,1545.0,0.029286187680416017,0.9881890748506057,0.017870253962720174,0.6101939302489071,0.653178987887399
1515.0,1550.0,0.03500772389176462,0.9899535771931015,0.01968376334510518,0.5622691554001796,0.7768902712035377
1515.0,1555.0,0.04101247816890982,0.9916263432811423,0.02103514497797609,0.5128962188371764,0.9041768572839324
1515.0,1560.0,0.04731660318674539,0.9929368376283026,0.022274003918939224,0.4707439338160004,1.0421861462958937
1515.0,1565.0,0.05393625162016514,0.993601557074464,0.024157819301468524,0.44789577651029505,1.19575110159008
1515.0,1570.0,0.06088757614406291,0.9933380769467846,0.02783081336256838,0.45708525655084953,1.3584537013668836
1520.0,1525.0,0.0045477360057726525,0.9836336499690238,0.003274163960367735,0.7199547106981774,0.10208279968413081
1520.0,1530.0,0.009297926702872895,0.9839879522230117,0.0066200400236882916,0.7119909884472219,0.20899155873609188
1520.0,1535.0,0.014266724766194526,0.9849220419907003,0.009852366707302085,0.690583639115797,0.3204761458351688
1520.0,1540.0,0.01947028287063135,0.9863265011319111,0.012795217961911118,0.6571665161172985,0.4362864296606479
1520.0,1545.0,0.024924753691077148,0.9880263627073677,0.015314598195025605,0.6144332812607934,0.5561722788918129
1520.0,1550.0,0.030646289902425763,0.9897973421934947,0.01736630295573213,0.5666690164135504,0.6798835622079533
1520.0,1555.0,0.036651044179570956,0.9913808152965619,0.01907414761758851,0.5204257626095223,0.807170148288348
1520.0,1560.0,0.04295516919740651,0.9924980564396538,0.02084411432653288,0.4852527580729767,0.9514157503363307
1520.0,1565.0,0.04957481763082628,0.9928640584404085,0.02345782929565811,0.47318034471339576,1.104980705630517
1520.0,1570.0,0.05652614215472405,0.9922009947798576,0.027971455887344187,0.4948410562104234,1.2792229355509122
1525.0,1530.0,0.004750190697100243,0.9840502483792235,0.0033754005596877473,0.7105821165765541,0.10690875905196107
1525.0,1535.0,0.009718988760421873,0.9851233136533135,0.006666146187151486,0.6858888667818696,0.21839334615103811
1525.0,1540.0,0.014922546864858699,0.986605568978834,0.009704636076154743,0.6503337643394049,0.33420362997651765
1525.0,1545.0,0.0203770176853045,0.9882972554564902,0.012376180622394015,0.6073597625289137,0.45408947920768217
1525.0,1550.0,0.02609855389665311,0.9899576054726121,0.014671439737321438,0.5621552747871946,0.5778007625238217
1525.0,1555.0,0.0321033081737983,0.9913189703467099,0.01676774450304816,0.5223058138517158,0.7105371530397395
1525.0,1560.0,0.03840743319163387,0.9921004208196395,0.0191286972610844,0.498046749587294,0.85539655809594
1525.0,1565.0,0.045027081625053623,0.992021023872014,0.02253890915520159,0.5005634018852482,1.0089615133901262
1525.0,1570.0,0.051978406148951405,0.9908127365204494,0.027936127395305935,0.537456406709568,1.1966296532501275
1530.0,1535.0,0.004968798063321633,0.9858541946737323,0.0033220394838540455,0.6685800955318494,0.11148458709907705
1530.0,1540.0,0.010172356167758459,0.9873192083164013,0.006434456919848581,0.6325434160713675,0.22729487092455614
1530.0,1545.0,0.015626826988204254,0.9888855739184607,0.009246710332582458,0.5917202730638945,0.34718072015572066
1530.0,1550.0,0.02134836319955287,0.9903024733056613,0.011791175178454561,0.552322211695439,0.47225112121101454
1530.0,1555.0,0.027353117476698073,0.991299147124859,0.01430313789837809,0.522907047453104,0.6088370702738786
1530.0,1560.0,0.03365724249453364,0.9915979746866233,0.017292136608091188,0.5137716380330222,0.7536964753300808
1530.0,1565.0,0.040276890927953404,0.9909272406695521,0.021510509602657275,0.5340657907566624,0.9156551072347412
1530.0,1570.0,0.04722821545185115,0.9890334161639522,0.027757329667026962,0.5877276835777412,1.1082652131353115
1535.0,1540.0,0.005203558104436824,0.9883123693934632,0.0031583661774959647,0.606962796245703,0.11581028382547931
1535.0,1545.0,0.01065802892488263,0.9896222258196982,0.006091724179446935,0.5715619860277326,0.23601880760167138
1535.0,1550.0,0.016379565136231233,0.99065471937194,0.008879394128885465,0.542101945627631,0.3644380536750429
1535.0,1555.0,0.02238431941337643,0.9911414478703315,0.011811454919232113,0.5276664749598694,0.5010240027379069
1535.0,1560.0,0.028688444431212004,0.9908132109893982,0.015418386415700374,0.5374423995929776,0.645973195189196
1535.0,1565.0,0.035308092864631754,0.9894122359452078,0.020386078760767996,0.5773769441166505,0.8199062758816318
1535.0,1570.0,0.04225941738852953,0.9867037513410803,0.027380452970397776,0.6479136406132672,1.0132012619494688
1540.0,1545.0,0.005454470820445804,0.990299167356081,0.003013143884588522,0.5524172708549301,0.12133531981013101
1540.0,1550.0,0.01117600703179441,0.9908050648054298,0.00600914719819583,0.5376828397745743,0.25007990712431116
1540.0,1555.0,0.017180761308939606,0.9906404322660106,0.009320908057837252,0.5425200833788044,0.3866658561871752
1540.0,1560.0,0.023484886326775183,0.9895492113499751,0.013470702508462992,0.5735902793408459,0.5412267391735313
1540.0,1565.0,0.030104534760194927,0.9872918380292388,0.019063229049992275,0.6332344678914693,0.715159819865967
1540.0,1570.0,0.03705585928409269,0.9836559799291695,0.02666003176307314,0.7194552299727061,0.9104098168207031
1545.0,1550.0,0.0057215362113486054,0.9905247149063975,0.003123360290646099,0.5458953985908448,0.1287445873141806
1545.0,1555.0,0.011726290488493806,0.9895771591703014,0.00671699180958855,0.5728147205784699,0.26900013616250185
1545.0,1560.0,0.018030415506329372,0.9876011562727738,0.011275906916139427,0.6253825327642144,0.425869425071042
1545.0,1565.0,0.024650063939749115,0.984379074637468,0.017331501575434366,0.7031016884092822,0.6010869562342656
1545.0,1570.0,0.031601388463646886,0.9797240394690341,0.025374117676676425,0.8029431271941075,0.7965609684175092
1550.0,1555.0,0.006004754277145198,0.987730672907518,0.0037353585131832574,0.6220668391711668,0.14141873054892606
1550.0,1560.0,0.012308879294980767,0.9847672050618755,0.008544516069425155,0.6941749825192762,0.29878760162326934
1550.0,1565.0,0.01892852772840051,0.9804943270797131,0.014901181702759886,0.7872340583785625,0.47442482806279074
1550.0,1570.0,0.02587985225229827,0.9747528705613079,0.02324697685775328,0.8982654395056998,0.6698988402460309
1555.0,1560.0,0.006304125017835568,0.9808586142075042,0.004915347752404371,0.7797034066580085,0.1575563171896377
1555.0,1565.0,0.012923773451255309,0.9754745561155679,0.011437622286099552,0.8850064053845353,0.3331935436291573
1555.0,1570.0,0.019875097975153074,0.9686066322470701,0.019971029883301492,1.0048267388803993,0.5286675558123974
1560.0,1565.0,0.006619648433419743,0.9691813336591502,0.006588480631531625,0.9952916227800307,0.17563722643951962
1560.0,1570.0,0.013570972957317518,0.9611755723350897,0.015223275341465782,1.1217526841549954,0.3711112386227633
1565.0,1570.0,0.0069513245238977716,0.9523812936308496,0.008675547282625614,1.2480423339178288,0.19578661154454124
