time,temperature,lambda_c,phi_a,phi_b,phase_diff,phase_diff_signed,rms,n_extrema,extrema_between
23.4784,44.0587,1525.2316456177773,-4.767669988634563,-31.83735021386776,27.0696802252332,-27.0696802252332,0.04392791843108816,24,9
46.9481,43.8558,1525.2223077808671,-4.782612563742948,-31.856474771974327,27.07386220823138,-27.07386220823138,0.04738164939911696,25,9
70.4303,43.7284,1525.2015106644428,-4.805214279509494,-31.889059497397344,27.08384521788785,-27.08384521788785,0.04635722147219112,25,9
93.9101,43.7176,1525.1768297232745,-4.818306214367374,-31.91391584493106,27.095609630563686,-27.095609630563686,0.05464775151370482,25,9
117.388,43.6188,1525.1406297012688,-4.888172487790676,-31.89189759786406,27.003725110073383,-27.003725110073383,0.053747079489042705,25,9
140.864,43.5424,1525.199013152033,-4.849045065764578,-31.948158156583148,27.09911309081857,-27.09911309081857,0.05220669030486612,25,9
164.339,43.2544,1525.1986756151905,-4.850182727331071,-31.96261802151302,27.11243529418195,-27.11243529418195,0.036362410609284246,25,9
187.823,43.3122,1525.163714611119,-4.873469163769844,-31.954456020707397,27.080986856937553,-27.080986856937553,0.05796623207462342,25,9
211.299,43.1644,1525.176819207902,-4.891313088209564,-31.99265919420967,27.101346106000104,-27.101346106000104,0.05545248719583251,25,9
234.774,43.2414,1525.1744679315755,-4.9300060887700905,-32.048265025687165,27.118258936917073,-27.118258936917073,0.06026889672581114,25,9
261.67,43.0479,1525.1870933753548,-4.941862609940044,-32.02922790183361,27.087365291893562,-27.087365291893562,0.049619779737319465,25,9
285.157,42.8361,1525.1566077921245,-4.9713911112647295,-32.03376511274046,27.06237400147573,-27.06237400147573,0.05848436210559129,25,9
308.632,42.7864,1525.1592165346742,-4.967496706874996,-32.066581391179554,27.099084684304557,-27.099084684304557,0.06575173509506643,25,9
332.102,42.5993,1525.16238081906,-4.986437886140402,-32.076634824780534,27.090196938640133,-27.090196938640133,0.06260443318756873,25,9
355.579,42.5663,1525.1765545135106,-5.003242005252068,-32.131828278688594,27.128586273436525,-27.128586273436525,0.046537039723831705,25,9
379.059,42.4771,1525.1701621677555,-5.007455199217487,-32.120770422701135,27.113315223483646,-27.113315223483646,0.04658852122553218,25,9
402.538,42.4425,1525.15536701412,-5.03311057232164,-32.14817530147446,27.11506472915282,-27.11506472915282,0.04840586812996742,25,9
426.011,42.3548,1525.1629724144502,-5.032332481154892,-32.17804580109203,27.14571331993714,-27.14571331993714,0.05667978543703094,25,9
449.496,42.316,1525.1624313652328,-5.046896705440607,-32.1727513976278,27.125854692187193,-27.125854692187193,0.06624654767538198,25,9
472.965,42.0504,1525.1665475962075,-5.060964383975717,-32.183261635268664,27.12229725129295,-27.12229725129295,0.044342245903070905,25,9
496.442,42.1087,1525.1416250927252,-5.0737328256789835,-32.198568813039316,27.12483598736033,-27.12483598736033,0.0476065023153845,25,9
519.926,41.9549,1525.152093649063,-5.084149623615445,-32.20731335990472,27.12316373628927,-27.12316373628927,0.04195625739614309,25,9
543.399,41.8983,1525.1543193627688,-5.079770924230519,-32.23959218658235,27.15982126235183,-27.15982126235183,0.044806180054025285,25,9
566.88,41.6309,1525.1510638924372,-5.099436340278873,-32.25384986877987,27.154413528500992,-27.154413528500992,0.04487536955502261,25,9
590.355,41.7422,1525.1476085874767,-5.111860949658131,-32.27789331961828,27.16603236996015,-27.16603236996015,0.04354707654025943,25,9
613.838,41.7042,1525.1112436339272,-5.127225714923399,-32.28624844207823,27.159022727154834,-27.159022727154834,0.053702258699675175,25,9
637.318,41.5517,1525.1041126136583,-5.148108541989484,-32.314092143049486,27.165983601060002,-27.165983601060002,0.06268948591182194,25,9
660.791,41.4408,1525.1541998919195,-5.147379107963698,-32.328463580287924,27.181084472324226,-27.181084472324226,0.038268000940642796,25,9
684.267,41.3386,1525.124802949681,-5.183200764837115,-32.33508662919853,27.151885864361414,-27.151885864361414,0.055589584966828545,25,9
707.745,41.3186,1525.1494254396623,-5.146629526681484,-32.34858995550568,27.201960428824197,-27.201960428824197,0.04538440522559118,25,9
731.231,41.2286,1525.114172999931,-5.199714123004787,-32.356129107574425,27.156414984569636,-27.156414984569636,0.06062447153115201,25,9
754.709,41.2392,1525.1344393574866,-5.192395495943758,-32.37272255197613,27.180327056032375,-27.180327056032375,0.053073842858354266,25,9
778.186,41.1173,1525.0942504605177,-5.227166422845804,-32.38410464902876,27.15693822618295,-27.15693822618295,0.060982861782275355,25,9
801.659,40.9573,1525.0994427398678,-5.23361290189111,-32.44372515698523,27.21011225509412,-27.21011225509412,0.05993722594996786,25,9
825.141,40.9015,1525.1226322311509,-5.238024876921419,-32.45064418813411,27.212619311212695,-27.212619311212695,0.054055945485896595,25,9
848.618,40.8487,1525.1516564598594,-5.220888405151773,-32.42853327391173,27.20764486875996,-27.20764486875996,0.05610310975031769,25,9
872.099,40.6813,1525.1300162452987,-5.256765906501495,-32.48223508338099,27.225469176879496,-27.225469176879496,0.05334453810620496,25,9
895.574,40.6551,1525.121835151545,-5.271415711786738,-32.4951362501773,27.223720538390566,-27.223720538390566,0.04648610427845209,25,9
919.051,40.6434,1525.1206873815443,-5.273540215109853,-32.508284167242266,27.234743952132412,-27.234743952132412,0.05013386061251698,25,9
942.536,40.2417,1525.1209028956832,-5.273674944390484,-32.507515109241574,27.233840164851088,-27.233840164851088,0.05096267450871914,25,9
966.011,40.4955,1525.1149163532598,-5.294973342239088,-32.530103641872074,27.235130299632985,-27.235130299632985,0.055068381444017156,25,9
989.489,40.3213,1525.1352812350765,-5.306449337685832,-32.53405447634886,27.227605138663023,-27.227605138663023,0.05365084512521654,25,9
1012.97,40.2256,1525.1063516440547,-5.308006054678306,-32.55771410860013,27.249708053921825,-27.249708053921825,0.04821603779032986,25,9
1036.45,40.2462,1525.0961375776235,-5.330982468983783,-32.56980294231101,27.238820473327223,-27.238820473327223,0.05297142892676735,25,9
1059.92,40.1726,1525.098659538989,-5.3372137433227875,-32.58558504093974,27.248371297616952,-27.248371297616952,0.05391146108791443,25,9
1083.4,39.8264,1525.0981687251021,-5.379756787507349,-32.61382553707204,27.234068749564692,-27.234068749564692,0.0576420992387587,25,9
1106.88,40.0195,1525.1005555849551,-5.380668974727613,-32.60846346523399,27.227794490506376,-27.227794490506376,0.06077398052614495,25,9
1130.36,39.8639,1525.1195610178277,-5.3823333529176045,-32.62287719104339,27.240543838125788,-27.240543838125788,0.0627508632567021,25,9
1153.83,39.8449,1525.127547683956,-5.382322503015204,-32.61996575691772,27.23764325390252,-27.23764325390252,0.06128178262057171,25,9
1177.31,39.4935,1525.1078585318182,-5.408117058314395,-32.66302993315475,27.254912874840358,-27.254912874840358,0.06643036847863236,25,9
1200.79,39.771,1525.119399223126,-5.403471431257677,-32.67451342572809,27.27104199447041,-27.27104199447041,0.05618924088151345,25,9
1224.26,39.6032,1525.118723244804,-5.42493884200838,-32.698884681293606,27.273945839285226,-27.273945839285226,0.04888933404968956,25,9
1247.74,39.5305,1525.0704860428755,-5.463839683567684,-32.668428441495315,27.20458875792763,-27.20458875792763,0.060247834067993174,25,9
1271.22,39.4141,1525.1163811337196,-5.460854850793323,-32.74185714315011,27.28100229235679,-27.28100229235679,0.04733796638968215,25,9
1294.69,39.4387,1525.1180717176362,-5.443862988123411,-32.72651092134278,27.28264793321937,-27.28264793321937,0.06343069892131273,25,9
1318.18,39.3526,1525.1059145069557,-5.461946140311126,-32.74929948452592,27.287353344214793,-27.287353344214793,0.05457911694724681,25,9
1341.65,39.2639,1525.1247766771135,-5.483222228750327,-32.76095787817523,27.277735649424905,-27.277735649424905,0.0629047282175922,25,9
1365.13,39.1933,1525.0915174341685,-5.496121885716451,-32.75648766092099,27.260365775204537,-27.260365775204537,0.0418334867865745,25,9
1388.6,39.159,1525.0625918839035,-5.52173009215738,-32.75492247539588,27.2331923832385,-27.2331923832385,0.043463739340670784,25,9
1412.07,39.1044,1525.0931940614714,-5.503754020727175,-32.83890027582882,27.335146255101645,-27.335146255101645,0.06440228697649121,26,9
1435.55,38.894,1525.0855736972978,-5.54466690761937,-32.823848568493375,27.279181660874006,-27.279181660874006,0.05877666922460773,26,9
1459.03,38.9618,1525.0601694631766,-5.559301301098171,-32.82532464600573,27.266023344907563,-27.266023344907563,0.05868327275127705,26,9
1482.51,38.8947,1525.0681985525976,-5.568574579879725,-32.86046896368989,27.291894383810167,-27.291894383810167,0.060408349877432405,26,9
1505.98,38.8112,1525.0865010136201,-5.564797141997336,-32.84976332424071,27.284966182243377,-27.284966182243377,0.05962928940430952,26,9
1529.46,38.7323,1525.0642640884141,-5.569582406833069,-32.845529332419815,27.275946925586744,-27.275946925586744,0.049750381769686734,26,9
1552.93,38.5749,1525.0725772134972,-5.594158532395909,-32.89493616156621,27.300777629170298,-27.300777629170298,0.061366988379267906,26,9
1576.41,38.5994,1525.0261904393196,-5.643452978556687,-32.91642388991363,27.272970911356943,-27.272970911356943,0.06286436451511321,26,9
1599.89,38.4649,1525.0462149073828,-5.645960554254577,-32.92605912866152,27.280098574406942,-27.280098574406942,0.05575340044596163,26,9
1623.36,38.394,1525.0804024093245,-5.633138881050054,-32.921799304150284,27.28866042310023,-27.28866042310023,0.04879065520849204,26,9
1646.84,38.4178,1525.0182530835152,-5.6751039077111916,-32.94962687927725,27.274522971566057,-27.274522971566057,0.05206925277764559,26,9
1670.32,38.3486,1525.0530039059304,-5.672972166208617,-32.945160839762785,27.27218867355417,-27.27218867355417,0.04852319643353108,26,9
1693.79,38.1825,1525.0490498679778,-5.6743963157823085,-32.96738588693051,27.292989571148198,-27.292989571148198,0.048754384695807,26,9
1717.27,38.0371,1525.0440593835153,-5.705625076750514,-32.995316267255895,27.28969119050538,-27.28969119050538,0.05311632647841838,26,9
1740.74,37.9843,1525.051899648716,-5.727252943319291,-33.00058591656487,27.27333297324558,-27.27333297324558,0.05867509213380931,26,9
1764.22,38.0075,1525.065123558838,-5.71795837149577,-32.99641907132106,27.27846069982529,-27.27846069982529,0.047930781720326526,26,9
1787.7,37.9904,1525.0601694474917,-5.719437566538135,-33.03335126529663,27.313913698758498,-27.313913698758498,0.05256515555049556,26,9
1811.17,37.8913,1525.0474813080568,-5.748706746688991,-33.03452620524091,27.285819458551916,-27.285819458551916,0.04438949281250701,26,9
1834.65,37.789,1525.0594832685806,-5.730356416173656,-33.04586285388934,27.315506437715683,-27.315506437715683,0.04981339687039786,26,9
1858.12,37.7513,1525.0079436737012,-5.778542706664614,-33.03067125874362,27.252128552079004,-27.252128552079004,0.0525576614770864,26,9
1881.6,37.792,1525.0281752976364,-5.769166391376638,-33.06607508181524,27.296908690438606,-27.296908690438606,0.053002532053216325,26,9
1905.09,37.6347,1525.0436021850123,-5.758964709499899,-33.08450498839647,27.32554027889657,-27.32554027889657,0.055019298398922306,26,9
1928.56,37.6036,1524.98186480253,-5.811668377307987,-33.07861451591106,27.266946138603075,-27.266946138603075,0.046902573412522484,26,9
1952.04,37.5183,1525.00662725491,-5.806330896220306,-33.09267698611726,27.286346089896956,-27.286346089896956,0.051116108557760095,26,9
1975.52,37.4957,1524.9923817412732,-5.810574348027687,-33.13041878919354,27.319844441165856,-27.319844441165856,0.05420714213320643,26,9
1998.98,37.4286,1525.0002367856089,-5.809528298091643,-33.12328744740409,27.313759149312446,-27.313759149312446,0.04219157344902879,26,9
2022.47,37.2676,1525.0015306289845,-5.818445907234656,-33.14759701040064,27.329151103165984,-27.329151103165984,0.03281088092169528,26,9
2045.94,37.2372,1525.0194608006236,-5.829752175700179,-33.14135430149907,27.311602125798892,-27.311602125798892,0.045952169212766736,26,9
2069.42,37.1302,1525.014455407111,-5.830595778699713,-33.1544507692224,27.323854990522687,-27.323854990522687,0.05084074155175395,26,9
2092.89,37.0964,1525.008246034308,-5.84870041713626,-33.16069047250493,27.31199005536867,-27.31199005536867,0.04231161836399165,26,9
2116.37,36.9917,1524.9997281569044,-5.867507763219686,-33.192998560034034,27.32549079681435,-27.32549079681435,0.04188645015757451,26,9
2139.85,37.03,1524.9880134653556,-5.861561153391606,-33.171850804938195,27.31028965154659,-27.31028965154659,0.045839959280455235,26,9
2163.33,37.0489,1525.0153220641932,-5.858109183865767,-33.230093937707494,27.371984753841726,-27.371984753841726,0.0469880674226307,26,9
2186.8,36.9093,1525.0247100406757,-5.879445475156707,-33.2073612936513,27.327915818494596,-27.327915818494596,0.04856592876176093,26,9
2210.27,36.8729,1525.005489981488,-5.918416466751221,-33.21935639844793,27.300939931696707,-27.300939931696707,0.06362690514623107,26,9
2233.75,36.816,1525.0071555390332,-2.753950356028757,-30.100792831145746,27.34684247511699,-27.34684247511699,0.05513966334663899,24,9
2257.23,36.8072,1524.9839979725225,-2.766563404417985,-30.099018809746156,27.33245540532817,-27.33245540532817,0.04324780330224904,24,9
2280.7,36.6934,1524.9580236533952,-2.802860747734173,-30.131393681186815,27.328532933452642,-27.328532933452642,0.04644667122111427,24,9
2304.18,36.5568,1525.011303796253,-2.7876068864798715,-30.13990867744313,27.35230179096326,-27.35230179096326,0.05103035272442566,24,9
2327.66,36.5955,1525.0284726550512,-2.7916140279045827,-30.149651452677524,27.35803742477294,-27.35803742477294,0.04377151873960512,24,9
2351.14,36.2776,1525.002985494834,-2.8105408503334113,-30.161471711583815,27.350930861250404,-27.350930861250404,0.05415913270723087,24,9
2374.61,36.4551,1525.0174170984546,-2.7926229702078373,-30.16086336384512,27.368240393637283,-27.368240393637283,0.04134933155796895,24,9
2398.09,36.4338,1525.0749834847254,-2.7987197738005154,-30.164386297049376,27.365666523248862,-27.365666523248862,0.03657417204912837,24,9
2421.56,36.2871,1525.0195372868811,-2.8183460748837574,-30.219240421384587,27.40089434650083,-27.40089434650083,0.05199065162752897,24,9
2445.04,36.269,1525.0184339722075,-2.8286985304570798,-30.19141494504109,27.36271641458401,-27.36271641458401,0.03978311772661927,24,9
2468.51,36.1665,1524.9748173201112,-2.864971478317697,-30.204029596778913,27.339058118461217,-27.339058118461217,0.0567932802425557,24,9
2492.0,36.201,1524.9805202317773,-2.8924352107212035,-30.215655014163254,27.32321980344205,-27.32321980344205,0.052190237998272784,24,9
2515.47,36.133,1524.956436087992,-2.8992195206985856,-30.22707144690934,27.32785192621075,-27.32785192621075,0.06026209581787232,24,9
2538.95,36.0542,1524.967919209698,-2.9020937165865432,-30.22734028121013,27.325246564623587,-27.325246564623587,0.06001698084678694,24,9
2562.42,35.9376,1524.9781146014004,-2.891554601279848,-30.238065191928317,27.34651059064847,-27.34651059064847,0.059843219736853914,24,9
2585.9,35.9214,1524.9711762643121,-2.892673931455267,-30.27116004644172,27.378486114986455,-27.378486114986455,0.06155117528014602,24,9
2609.37,35.8971,1524.9250777373402,-2.9257187927723685,-30.2655123354905,27.33979354271813,-27.33979354271813,0.05585518910801753,24,9
2632.85,35.7083,1524.932501889417,-2.9365401375899776,-30.26261559122627,27.326075453636292,-27.326075453636292,0.05761119725030739,24,9
2656.33,35.7037,1524.9894330849238,-2.95786761834729,-30.295634229663712,27.33776661131642,-27.33776661131642,0.05354579638259864,24,9
2679.81,35.6869,1524.956352900963,-2.940436020127759,-30.278035446486427,27.33759942635867,-27.33759942635867,0.06094899601534594,24,9
2703.29,35.6674,1524.9600847097784,-2.955309437171422,-30.287363921871844,27.33205448470042,-27.33205448470042,0.046012994054618714,24,9
2726.76,35.5378,1524.9750208549726,-2.9614351704033273,-30.328829145765198,27.36739397536187,-27.36739397536187,0.05728224149499351,24,9
2750.24,35.5285,1524.9731127375849,-2.9676798092643595,-30.329126574543867,27.361446765279506,-27.361446765279506,0.05546426726292907,24,9
2773.72,35.5902,1525.0049082019234,-2.969118651748028,-30.340038318889853,27.370919667141827,-27.370919667141827,0.05026047331217239,24,9
2797.19,35.4906,1524.9707463971547,-2.9715295930567054,-30.34514715267972,27.373617559623014,-27.373617559623014,0.05116509426013812,24,9
2820.67,35.3962,1524.9968712769128,-2.9758736806125725,-30.352563312562026,27.376689631949453,-27.376689631949453,0.056616729748285,24,9
2844.15,35.259,1524.9649901661273,-3.0113992285741342,-30.368593828835913,27.357194600261778,-27.357194600261778,0.06423842900746059,24,9
2867.62,35.2773,1524.973916970496,-3.0135287548176777,-30.394885451962793,27.381356697145115,-27.381356697145115,0.04274259593285123,24,9
2891.09,35.2595,1524.9758880984489,-3.005913258218919,-30.387243144333382,27.381329886114465,-27.381329886114465,0.054089867990987035,24,9
2914.57,35.211,1524.9874042501692,-3.0181098785588665,-30.422222518886542,27.404112640327675,-27.404112640327675,0.05225122717274527,24,9
2938.05,35.1326,1524.9576952468421,-3.038649195914831,-30.41803580976342,27.379386613848588,-27.379386613848588,0.045550882072968,24,9
2961.53,34.999,1524.9982003727876,-3.0268706804017507,-30.46519723017156,27.438326549769812,-27.438326549769812,0.0637658877040176,24,9
2985.01,35.1077,1524.9621791305676,-3.0464615642558712,-30.42514058894196,27.37867902468609,-27.37867902468609,0.05252563143091443,24,9
3008.48,34.864,1524.9709792785786,-3.0352802840799944,-30.453031375967804,27.41775109188781,-27.41775109188781,0.05026540584197419,24,9
3031.96,34.9009,1524.9633155615973,-3.057405798071945,-30.477087505549626,27.419681707477682,-27.419681707477682,0.0651464910554068,24,9
3055.44,34.8886,1524.9442265204486,-3.065814532567125,-30.44764564217357,27.381831109606445,-27.381831109606445,0.0636106057438129,24,9
3078.91,34.9274,1524.9629731382147,-3.0676570362391766,-30.452808481750214,27.38515144551104,-27.38515144551104,0.04835582821419823,24,9
3102.39,34.7687,1524.947449946192,-3.0752668640463297,-30.48049995086074,27.40523308681441,-27.40523308681441,0.05993121481511346,24,8
3125.87,34.7579,1524.9482015127924,-3.0995249312216435,-30.456756049826982,27.357231118605338,-27.357231118605338,0.049101525842316335,24,8
3149.34,34.5803,1524.9699370903309,-3.106385735024981,-30.52009365460828,27.413707919583302,-27.413707919583302,0.044912026054145335,24,8
3172.82,34.6802,1524.9558475868416,-3.113588783586863,-30.506457162983505,27.392868379396642,-27.392868379396642,0.03803879047924516,24,9
3196.3,34.6041,1524.920568606622,-3.128033941299717,-30.547396866930352,27.419362925630637,-27.419362925630637,0.05821308060985222,24,8
3219.77,34.5852,1524.9406138835773,-3.1172400554158024,-30.496131182178196,27.378891126762394,-27.378891126762394,0.047144117151392065,24,8
3243.26,34.493,1524.9278906044822,-3.1459289453720114,-30.477484228729793,27.33155528335778,-27.33155528335778,0.05715695703978434,24,8
3266.74,34.4661,1524.8920485980946,-3.144630615451875,-30.533554654503238,27.388924039051364,-27.388924039051364,0.05362455758494308,24,8
3290.21,34.4267,1524.9251555802405,-3.1468777474760157,-30.549543899580968,27.402666152104953,-27.402666152104953,0.053489131977350245,24,8
3313.68,34.3412,1524.9132560156745,-3.160222173463647,-30.554871707376464,27.394649533912816,-27.394649533912816,0.04460486110227464,24,8
3337.16,34.3001,1524.9478491628788,-3.141572851580403,-30.577802913532686,27.436230061952283,-27.436230061952283,0.04499080892568167,24,8
3360.64,34.2298,1524.941422459728,-3.161983429715591,-30.583475956395535,27.421492526679945,-27.421492526679945,0.045982420227575455,24,8
3384.12,34.1716,1524.9045728815445,-3.2132551315599156,-30.5850472512497,27.371792119689786,-27.371792119689786,0.048217220887487595,24,8
3407.59,34.0647,1524.898641179529,-3.212797878185482,-30.617036034796556,27.404238156611072,-27.404238156611072,0.05671266974849579,24,8
3431.07,34.0266,1524.9417436171195,-3.1859622770182647,-30.63216063245739,27.446198355439122,-27.446198355439122,0.055073959592049554,24,8
3454.54,34.0908,1524.934375745167,-3.2013338485479554,-30.633308212797015,27.431974364249058,-27.431974364249058,0.051207564341074964,24,8
3478.02,33.9835,1524.963812246706,-3.208002028602933,-30.64218406114178,27.434182032538846,-27.434182032538846,0.04112378413264892,24,8
3501.5,33.767,1524.9269151051315,-3.221255396422693,-30.648076881465258,27.426821485042566,-27.426821485042566,0.03941788860209613,24,8
3524.98,33.9005,1524.9105344209922,-3.243385493422941,-30.637542449754193,27.39415695633125,-27.39415695633125,0.04796197356934482,24,8
3548.46,33.8924,1524.9319402833974,-3.2317982582959157,-30.664119912695803,27.432321654399885,-27.432321654399885,0.044741928478856524,24,8
3571.93,33.8085,1524.9380486248062,-3.2343089560813603,-30.670088009269364,27.435779053188003,-27.435779053188003,0.03857705737709097,24,8
3595.41,33.7727,1524.8932407879324,-3.2773894189698574,-30.684131384886633,27.406741965916776,-27.406741965916776,0.04418425883938068,24,8
3618.89,33.7294,1524.9298055007794,-3.266909622872774,-30.677947793356378,27.411038170483604,-27.411038170483604,0.04145056398484853,24,8
3642.37,33.5887,1524.9169340776368,-3.281645202435799,-30.690062844707192,27.408417642271395,-27.408417642271395,0.03247374697179588,24,8
3665.84,33.6661,1524.9082228840462,-3.292088463070242,-30.697297585304074,27.40520912223383,-27.40520912223383,0.04267182519139487,24,8
3689.32,33.5307,1524.8642086186146,-3.3051419778031335,-30.711369508308984,27.406227530505852,-27.406227530505852,0.04141222733949208,24,8
3712.8,33.5404,1524.9019995755352,-3.3035800791897953,-30.709216277547988,27.40563619835819,-27.40563619835819,0.042485062783179976,24,8
3736.27,33.4588,1524.8913180269233,-3.2903864686929705,-30.71878133228669,27.428394863593716,-27.428394863593716,0.044347736950005996,24,8
3759.74,33.4491,1524.9007390786537,-3.28400584048594,-30.73021039570603,27.446204555220092,-27.446204555220092,0.06294071485140364,24,8
3783.22,33.4317,1524.9065281476262,-3.301052968543814,-30.741445276579167,27.440392308035353,-27.440392308035353,0.049936872059675105,24,8
3806.7,33.3946,1524.857319892062,-3.3281316641287177,-30.72511727336256,27.39698560923384,-27.39698560923384,0.05522101484640538,24,8
3830.18,33.29,1524.8818962393427,-3.329947506171201,-30.765532902665328,27.435585396494126,-27.435585396494126,0.041676653551882936,24,8
3853.66,33.3024,1524.8703294549582,-3.330500507898287,-30.76182658579853,27.431326077900245,-27.431326077900245,0.059721051187116764,24,8
3877.13,33.237,1524.876886854754,-3.3456192834104663,-30.75009465949249,27.404475376082022,-27.404475376082022,0.05075947361192828,24,8
3900.61,33.177,1524.884100322626,-3.3393835291478418,-30.762958504699604,27.423574975551762,-27.423574975551762,0.05292225920876009,24,8
3924.09,33.0906,1524.8826124972397,-3.3705358296358456,-30.794478051876272,27.423942222240427,-27.423942222240427,0.05371326300929401,24,8
3947.57,33.1812,1524.8738070698068,-3.35019819337064,-30.80516213559378,27.454963942223138,-27.454963942223138,0.06536572263055293,24,8
3971.04,33.0838,1524.9049485857668,-3.3603489141656078,-30.79567006958533,27.43532115541972,-27.43532115541972,0.043793244703648024,24,8
3994.52,33.0025,1524.8986980068762,-3.3753532629281584,-30.793432565588454,27.418079302660296,-27.418079302660296,0.05102257408554734,24,8
4017.99,32.9332,1524.877738576992,-3.4020454804895865,-30.806674489380924,27.404629008891337,-27.404629008891337,0.04918109378398516,24,8
4041.47,32.96,1524.8693244969948,-3.405285191925473,-30.816620520419914,27.41133532849444,-27.41133532849444,0.04668617494476414,24,8
4064.95,32.8335,1524.8797463030899,-3.3855124458641495,-30.802530812150387,27.417018366286236,-27.417018366286236,0.05769356404689049,24,8
4088.43,32.8612,1524.8625654639523,-3.4184419315302272,-30.828122390724566,27.409680459194337,-27.409680459194337,0.046097122508431794,24,8
4111.91,32.8459,1524.8889167817463,-3.398623337560358,-30.839114836614808,27.44049149905445,-27.44049149905445,0.04815732110957503,24,8
4135.39,32.7855,1524.8556738144948,-3.4348336781549107,-30.850022344593057,27.415188666438148,-27.415188666438148,0.03978859788622961,24,8
4158.86,32.7058,1524.8810605437636,-3.430367199315721,-30.870243826401303,27.43987662708558,-27.43987662708558,0.058019291676566435,24,8
4182.34,32.6811,1524.8647798666875,-3.4362390002430803,-30.851584694859888,27.415345694616807,-27.415345694616807,0.04310903921872158,24,8
4205.82,32.6157,1524.8808751875126,-3.4226606833229885,-30.886606811149843,27.463946127826855,-27.463946127826855,0.055618119660059,24,8
4229.29,32.6065,1524.8355244850381,-3.4539897847362986,-30.879118188013315,27.425128403277018,-27.425128403277018,0.0517735544246672,24,8
4252.77,32.5777,1524.85509429313,-3.4610265834280596,-30.87664742814761,27.41562084471955,-27.41562084471955,0.05625869234192423,24,8
4276.25,32.5023,1524.883244304174,-3.435687062605054,-30.89245647696826,27.456769414363205,-27.456769414363205,0.04958666148229796,24,8
4299.72,32.3073,1524.872199754033,-3.4726611552670588,-30.901648072881873,27.428986917614814,-27.428986917614814,0.04954525994087073,24,8
4323.2,32.3971,1524.8806407465536,-3.4565711556677305,-30.900245460358583,27.443674304690852,-27.443674304690852,0.05318075907803794,24,8
4346.68,32.3488,1524.9060349140682,-3.432933629446492,-30.91004396061333,27.477110331166838,-27.477110331166838,0.05530059677540427,24,8
4370.16,32.3564,1524.834268272947,-3.485806572930168,-30.927478522971803,27.441671950041634,-27.441671950041634,0.04417562684077453,24,8
4397.23,32.3017,1524.8566804914524,-3.4816001113290422,-30.927069008660283,27.44546889733124,-27.44546889733124,0.04678302854453131,24,8
4420.71,32.3042,1524.907970694015,-3.4771103318193446,-30.92802577121524,27.450915439395896,-27.450915439395896,0.05020315759174372,24,8
4444.18,32.2497,1524.8521799973084,-3.511353212318652,-30.94590457184387,27.434551359525216,-27.434551359525216,0.048598868613541145,24,8
4467.66,32.1484,1524.904363332482,-3.4655847981112755,-30.970538118271218,27.50495332015994,-27.50495332015994,0.044951761064749594,24,8
4491.13,32.2116,1524.8612874999328,-3.506292234348787,-30.95815319919705,27.45186096484826,-27.45186096484826,0.05185121892382139,24,8
4514.61,32.1779,1524.8551662071852,-3.5117428582115426,-30.982292833589344,27.4705499753778,-27.4705499753778,0.04950941829165553,24,8
4538.09,32.0811,1524.8683473081323,-3.5145043781985597,-30.99289355370022,27.47838917550166,-27.47838917550166,0.03472295566531041,24,8
4561.57,32.103,1524.8417100382667,-3.531717035421676,-30.990220552148944,27.45850351672727,-27.45850351672727,0.05109875753603225,24,8
4585.05,31.9539,1524.8432950915571,-3.522082079450859,-30.97395040019137,27.451868320740513,-27.451868320740513,0.053511345766282616,24,8
4608.53,31.9983,1524.84684608308,-3.5282165251844138,-30.990733933332585,27.462517408148173,-27.462517408148173,0.04095416431500398,24,8
4632.0,31.9361,1524.8466889725883,-3.535689239849312,-31.024321012769335,27.488631772920023,-27.488631772920023,0.03865640847546919,24,8
4655.49,31.9457,1524.8278910197396,-3.5547719161427005,-31.00217226925677,27.44740035311407,-27.44740035311407,0.04292080301326522,24,8
4678.96,31.9269,1524.7932286571056,-3.5714969833138133,-31.00492180068465,27.433424817370835,-27.433424817370835,0.05724447142379382,24,8
4702.44,31.8158,1524.8617790006565,-3.5329004150982746,-31.028415801987116,27.49551538688884,-27.49551538688884,0.06337009384157097,24,8
4725.91,31.8327,1524.8496980379427,-3.5315194661381226,-31.037397889144675,27.505878423006553,-27.505878423006553,0.06626802406176313,24,8
4749.39,31.7128,1524.7978254643538,-3.581920699639189,-31.034055032561213,27.452134332922025,-27.452134332922025,0.05437513785206127,24,8
4772.87,31.7519,1524.824348447255,-3.573037110837079,-31.06369586826368,27.4906587574266,-27.4906587574266,0.04376587410569193,24,8
4796.34,31.7396,1524.8321908914902,-3.569310227988902,-31.06257516607517,27.49326493808627,-27.49326493808627,0.05364033691486787,24,8
4819.82,31.7321,1524.8513848970363,-3.56476950876212,-31.054149745297188,27.48938023653507,-27.48938023653507,0.041214441553731614,24,8
4843.3,31.6802,1524.845272022039,-3.5643832500378196,-31.059746940982546,27.495363690944725,-27.495363690944725,0.04205676676422445,24,8
4866.77,31.6359,1524.8464841140883,-3.583591016839133,-31.070650783091956,27.487059766252823,-27.487059766252823,0.05604315341475648,24,8
4890.26,31.6172,1524.841112968916,-3.5879444059842163,-31.09480735685814,27.506862950873924,-27.506862950873924,0.0543032794156723,24,8
4913.73,31.611,1524.888682253073,-3.568636485779614,-31.083683037903672,27.51504655212406,-27.51504655212406,0.040507657606762754,24,8
4937.21,31.5171,1524.8271392058145,-3.603873787903714,-31.091348616879596,27.487474828975884,-27.487474828975884,0.045713573054131366,24,8
4960.69,31.4973,1524.838227477763,-3.6022156262611125,-31.103315223889556,27.501099597628443,-27.501099597628443,0.05382845134492536,24,8
4984.16,31.5014,1524.8407969060306,-3.6144517286950872,-31.10965544878426,27.495203720089172,-27.495203720089172,0.03515771156571347,24,8
5007.64,31.46,1524.8472821868522,-3.615497022227646,-31.118904680411248,27.5034076581836,-27.5034076581836,0.042367516084103364,24,8
5031.12,31.3932,1524.8779588964208,-3.597802455317259,-31.116916787969394,27.519114332652137,-27.519114332652137,0.04651881744316045,24,8
5054.6,31.3753,1524.8200970054424,-3.633823460909405,-31.117469467441154,27.48364600653175,-27.48364600653175,0.03600354581624475,24,8
5078.07,31.3627,1524.8586883841622,-3.6220823061477114,-31.123730526497972,27.501648220350262,-27.501648220350262,0.04370442305235484,24,8
5101.55,31.317,1524.8534542376815,-3.640027241301757,-31.132207383128655,27.4921801418269,-27.4921801418269,0.049463949020856025,24,8
5125.03,31.259,1524.831320007913,-3.649660673623855,-31.152817282177292,27.503156608553436,-27.503156608553436,0.0533764076774545,24,8
5148.5,31.2287,1524.8436859455269,-3.6507279706205695,-31.176446797490968,27.5257188268704,-27.5257188268704,0.037019055275394445,24,8
5171.99,31.2012,1524.8548930297684,-3.6529320444748303,-31.14728730630928,27.49435526183445,-27.49435526183445,0.04140130967730854,24,8
5195.46,31.1648,1524.8429194269065,-3.6419617989190627,-31.156652696418085,27.514690897499023,-27.514690897499023,0.041097914230261295,24,8
5218.94,31.0832,1524.8297950019848,-3.6453800634991746,-31.154408568557805,27.50902850505863,-27.50902850505863,0.04214845023403955,24,8
5242.41,31.1437,1524.8598544667977,-3.667364034994723,-31.17708651548435,27.50972248048963,-27.50972248048963,0.0357491235288442,24,8
5265.89,30.9912,1524.835475488247,-3.6529981890682945,-31.144671827923737,27.491673638855442,-27.491673638855442,0.038297983815076014,24,8
5289.37,31.0591,1524.8541226904917,-3.6404775820026365,-31.17638625824584,27.535908676243206,-27.535908676243206,0.04207254938017993,24,8
5312.84,31.01,1524.8460997418445,-3.6544311740618873,-31.19244312660352,27.538011952541634,-27.538011952541634,0.05864017557953811,24,8
5336.33,30.972,1524.8554481392653,-3.6598660753763275,-31.19053639397704,27.530670318600713,-27.530670318600713,0.04343507869675429,24,8
5359.8,30.9518,1524.8278961055325,-3.675808764876532,-31.20777590079922,27.531967135922688,-27.531967135922688,0.042118081376532605,24,8
5383.28,30.9016,1524.8178561676311,-3.6871164811789714,-31.206941714018473,27.5198252328395,-27.5198252328395,0.04102273435952576,24,8
5406.75,30.8899,1524.8302079834275,-3.6850818127674994,-31.21295600108642,27.527874188318922,-27.527874188318922,0.04405689297471183,24,8
5430.23,30.8964,1524.7909504122688,-3.704696368884875,-31.218423686237024,27.51372731735215,-27.51372731735215,0.04384561763205655,24,8
5453.71,30.7907,1524.853030724882,-3.6964092153628423,-31.217404262916766,27.520995047553924,-27.520995047553924,0.04151248940587788,24,8
5477.18,30.7712,1524.8498337654414,-3.701821690387055,-31.244447123805042,27.54262543341799,-27.54262543341799,0.03344488171440996,24,8
5500.67,30.7669,1524.8575984383738,-3.6945974156012937,-31.251041170196363,27.55644375459507,-27.55644375459507,0.04677108362018322,24,8
5524.14,30.6558,1524.8449784083662,-3.716558341075604,-31.234513947521915,27.51795560644631,-27.51795560644631,0.060234472334823236,24,8
5547.62,30.7081,1524.8480217148008,-3.7097734745164113,-31.26242315910441,27.552649684588,-27.552649684588,0.0468416006301974,24,8
5571.09,30.6975,1524.8349175491892,-3.707183773183478,-31.245275712958545,27.538091939775068,-27.538091939775068,0.04269169803279834,24,8
5594.58,30.6548,1524.8385863042433,-3.7141488211003204,-31.238008604858692,27.523859783758372,-27.523859783758372,0.04732708157294194,24,8
5618.05,30.5667,1524.8748298471924,-3.7163210833883245,-31.287335943413645,27.571014860025322,-27.571014860025322,0.034162652596008515,24,8
5641.53,30.6045,1524.8321921995177,-3.722046052008393,-31.22230280442495,27.500256752416554,-27.500256752416554,0.02934404186447791,24,8
5665.01,30.5528,1524.851017050436,-3.7328577434629353,-31.287237899195926,27.55438015573299,-27.55438015573299,0.036083468882170955,24,8
5688.48,30.41,1524.8468703667993,-3.7318746681118085,-31.29346563471165,27.561590966599844,-27.561590966599844,0.04129204850873588,24,8
5711.97,30.4551,1524.8150093405507,-3.761051724542763,-31.28596033799864,27.524908613455878,-27.524908613455878,0.03674131672230037,24,8
5735.44,30.4419,1524.821197624598,-3.7506054376375064,-31.278513920616597,27.52790848297909,-27.52790848297909,0.03498523185723765,24,8
5758.92,30.3701,1524.8018815911041,-3.74979221926756,-31.296031625567185,27.546239406299627,-27.546239406299627,0.04010791010383853,24,8
5782.4,30.422,1524.8209936469607,-3.759740081011859,-31.29719160769326,27.5374515266814,-27.5374515266814,0.041924453204005785,24,8
5805.88,30.3928,1524.828276219745,-3.74905718456651,-31.318460742727357,27.569403558160847,-27.569403558160847,0.0403789752271105,24,8
5829.36,30.2216,1524.8271940631419,-3.7830928162380384,-31.298472540866566,27.515379724628527,-27.515379724628527,0.041196849457795955,24,8
5852.83,30.3142,1524.7983591918933,-3.7854211300364975,-31.31701661221583,27.531595482179334,-27.531595482179334,0.03976724086340419,24,8
5876.31,30.3238,1524.8103751647348,-3.7875563585468703,-31.310036104146374,27.522479745599504,-27.522479745599504,0.03392657944985635,24,8
5899.79,30.2622,1524.8138583299904,-3.786735322241725,-31.34276691165403,27.556031589412306,-27.556031589412306,0.04258144624073588,24,8
5923.27,30.232,1524.802818508893,-3.7985452521831227,-31.33757132882754,27.53902607664442,-27.53902607664442,0.042337959430012465,24,8
5946.74,30.2125,1524.8479042107692,-3.7906530850432416,-31.342567530799023,27.55191444575578,-27.55191444575578,0.029706773799662734,24,8
5970.22,30.1805,1524.8288082729468,-3.8142694718036476,-31.365945868738454,27.551676396934806,-27.551676396934806,0.035524033159416046,24,8
5993.7,30.1143,1524.8079085099787,-3.796825918018943,-31.350793269986752,27.55396735196781,-27.55396735196781,0.030562427556107004,24,8
6017.17,30.0482,1524.7997872235337,-3.803938852302498,-31.355251476323375,27.551312624020877,-27.551312624020877,0.04619340500223649,24,8
6040.65,30.105,1524.8372322889852,-3.810801440225826,-31.38262793489973,27.571826494673903,-27.571826494673903,0.04514251830261607,24,8
6064.13,30.0327,1524.839706428947,-3.818397380804799,-31.37041183241909,27.55201445161429,-27.55201445161429,0.039753238333653115,24,8
6087.6,30.0415,1524.8503820984135,-3.796363400967056,-31.346559516417866,27.55019611545081,-27.55019611545081,0.04194146047956877,24,8
6111.09,30.0024,1524.7892746806322,-3.8258427554218324,-31.360214406803646,27.534371651381814,-27.534371651381814,0.04816050587535416,24,8
6134.56,29.9637,1524.840755498584,-3.8183301617303496,-31.409760279129802,27.591430117399455,-27.591430117399455,0.0415810015831627,24,8
6158.04,29.9039,1524.8112589028717,-3.8376776631474887,-31.379941860587394,27.542264197439906,-27.542264197439906,0.036683355893216724,24,8
6181.52,29.9058,1524.7877565169629,-3.848095856738293,-31.39240590209119,27.544310045352898,-27.544310045352898,0.03650065514495587,24,8
6205.0,29.8275,1524.830768680646,-3.8366881271716795,-31.40633589008891,27.56964776291723,-27.56964776291723,0.03583637465080859,24,8
6228.47,29.8403,1524.8137874736974,-3.8520790875627218,-31.400499916818987,27.548420829256266,-27.548420829256266,0.0362165839302542,24,8
6251.94,29.8508,1524.8576998150552,-3.819678650863057,-31.40106847511114,27.58138982424808,-27.58138982424808,0.05356667803174057,24,8
6275.42,29.7576,1524.8012289457415,-3.855203113351267,-31.40630998989634,27.551106876545074,-27.551106876545074,0.03975447952430887,24,8
6298.9,29.7424,1524.8199890222686,-3.8392408266412312,-31.425778754276898,27.586537927635668,-27.586537927635668,0.05101066563887664,24,9
6322.38,29.763,1524.8054461823115,-3.861351793109192,-31.409532504595795,27.5481807114866,-27.5481807114866,0.03765619053724397,24,9
6345.86,29.654,1524.792627366902,-3.8767864228967195,-31.42488699805203,27.54810057515531,-27.54810057515531,0.04553082901345239,24,9
6369.33,29.624,1524.7924437732008,-3.859460787054833,-31.407387955243298,27.547927168188465,-27.547927168188465,0.04633185710583152,24,9
6392.81,29.6903,1524.815692031554,-3.8542834755608357,-31.410666727419056,27.55638325185822,-27.55638325185822,0.04508244660481059,24,9
6416.29,29.6018,1524.7569455921455,-3.895744705058983,-31.42439318381001,27.528648478751027,-27.528648478751027,0.04482946644342574,24,9
6439.77,29.6044,1524.8139755579375,-3.8584591256596514,-31.443040234755337,27.584581109095687,-27.584581109095687,0.039927116319047454,24,9
6463.25,29.524,1524.7667677096983,-3.891561922754265,-31.43740572152196,27.545843798767695,-27.545843798767695,0.04906633401671318,24,9
6486.72,29.5377,1524.79454429851,-3.889277358271043,-31.45558394298333,27.566306584712287,-27.566306584712287,0.04183590739191158,24,9
6510.2,29.5005,1524.7882123305274,-3.8946857557529557,-31.447622477285638,27.55293672153268,-27.55293672153268,0.039333837936207365,24,9
6533.68,29.5079,1524.80341579976,-3.903142490758843,-31.464552387150228,27.561409896391385,-27.561409896391385,0.03993310044475323,24,9
6557.16,29.3918,1524.7535526374586,-3.9174525989986497,-31.43646315818963,27.519010559190978,-27.519010559190978,0.06899188945836664,24,9
6580.63,29.4665,1524.7958939759649,-3.91546884547507,-31.48516673264304,27.56969788716797,-27.56969788716797,0.03493682528478796,24,9
6604.11,29.3384,1524.7625031173488,-3.901597922450128,-31.479945169259576,27.578347246809447,-27.578347246809447,0.04609369155950343,24,9
6627.58,29.3821,1524.7797078321996,-3.931696135359074,-31.4810595876244,27.549363452265325,-27.549363452265325,0.03189213031186598,24,9
6651.06,29.3285,1524.7922569289035,-3.935868000470402,-31.476446717036364,27.54057871656596,-27.54057871656596,0.031804081940288324,24,9
6674.54,29.2721,1524.777842035856,-3.9388052871303216,-31.495197599637713,27.55639231250739,-27.55639231250739,0.03759025498374476,24,9
6698.02,29.3166,1524.7611885237955,-3.9590768672946925,-31.492552266512625,27.533475399217934,-27.533475399217934,0.028590805791653826,24,9
6721.5,29.2973,1524.7863093902981,-3.954445258852024,-31.518379195428658,27.563933936576632,-27.563933936576632,0.039220905520977116,24,9
6744.98,29.268,1524.7712323516253,-3.9650326779935616,-31.501261764417478,27.536229086423916,-27.536229086423916,0.030391786571247408,24,9
6768.46,29.2515,1524.7787844921195,-3.9576484330002843,-31.53345470041957,27.575806267419285,-27.575806267419285,0.04028883008132743,24,9
6791.93,29.1004,1524.7820132511213,-3.9452873429563917,-31.507077888035617,27.561790545079226,-27.561790545079226,0.044523818650661504,24,9
6815.41,29.1894,1524.7856972153281,-3.9420481028289673,-31.553429782591408,27.61138167976244,-27.61138167976244,0.04072661887442917,24,9
6838.9,29.1467,1524.792094247446,-3.9591841441746687,-31.553412799316416,27.594228655141748,-27.594228655141748,0.0424889843676544,24,9
6862.37,29.1158,1524.8206079569763,-3.953651813602741,-31.52301182424143,27.56936001063869,-27.56936001063869,0.03814913399792289,24,9
6885.85,29.0595,1524.79602518124,-3.9747300497961224,-31.541661178947024,27.566931129150902,-27.566931129150902,0.0413181232523364,24,9
6909.33,29.0579,1524.7952786325325,-3.985857217181769,-31.562328496594514,27.576471279412743,-27.576471279412743,0.04737156558016937,24,9
6932.8,29.0325,1524.795242674072,-3.9775709143843585,-31.574053994194685,27.596483079810326,-27.596483079810326,0.04045854171205857,24,9
6956.28,28.969,1524.8036117035826,-3.964288400459047,-31.555488404559153,27.591200004100106,-27.591200004100106,0.04050919044734573,24,9
6979.76,28.9809,1524.7604737030344,-4.0134056487574545,-31.571466138959746,27.55806049020229,-27.55806049020229,0.043035811354612034,24,9
7003.24,28.9508,1524.7757609546593,-3.9753109987464224,-31.557173771089484,27.58186277234306,-27.58186277234306,0.04208187991948138,24,9
7026.72,28.9186,1524.7741663917752,-3.985974975499305,-31.576679115864195,27.590704140364892,-27.590704140364892,0.04669612431237944,24,9
7050.2,28.9043,1524.7558610812102,-3.9942771264733965,-31.596412202014143,27.602135075540748,-27.602135075540748,0.04086296454028186,24,9
7073.67,28.8948,1524.7734205772288,-3.9997933137188637,-31.585961243349622,27.586167929630758,-27.586167929630758,0.04167168200364795,24,9
7097.16,28.8538,1524.775414187406,-3.9853296138218526,-31.591421588660797,27.606091974838943,-27.606091974838943,0.043050298727707596,24,9
7120.64,28.8131,1524.7198553491692,-4.034150886865948,-31.585924423740252,27.551773536874304,-27.551773536874304,0.05147900100548166,24,9
7144.12,28.8217,1524.7918534009186,-4.0091229996622975,-31.599804815593455,27.590681815931156,-27.590681815931156,0.036173621192639435,24,9
7167.59,28.7537,1524.7324034938974,-4.038760005552223,-31.607556808256426,27.568796802704203,-27.568796802704203,0.04437603608665968,24,9
7191.07,28.7425,1524.7682800353048,-4.021465229961474,-31.63036045031505,27.608895220353574,-27.608895220353574,0.037241313009454234,24,9
7214.56,28.6898,1524.7787238462213,-4.0200087957814326,-31.6083301359174,27.588321340135966,-27.588321340135966,0.04196144701942384,24,9
7238.04,28.5552,1524.7622732357609,-4.036213186116626,-31.644783135197866,27.60856994908124,-27.60856994908124,0.07439399152943232,24,9
7261.52,28.6467,1524.7469995795304,-4.028438217351556,-31.63402749046567,27.605589273114113,-27.605589273114113,0.036273343994581334,24,9
7284.99,28.6496,1524.7449529568953,-4.037927245213948,-31.637245395632558,27.59931815041861,-27.59931815041861,0.03553411567204828,24,9
7308.48,28.5326,1524.780352278978,-4.044966618705953,-31.644965304883275,27.599998686177322,-27.599998686177322,0.03853659704232409,24,9
7331.95,28.622,1524.7597040782264,-4.061647163460242,-31.63910106447337,27.57745390101313,-27.57745390101313,0.044639503616219635,24,9
7355.44,28.5348,1524.8101858368777,-4.035922603121137,-31.65422059071455,27.618297987593415,-27.618297987593415,0.04116130109685132,24,9
7378.91,28.5106,1524.7615865259927,-4.041542266043747,-31.65466975000047,27.613127483956724,-27.613127483956724,0.043295300076485764,24,9
7402.39,28.3821,1524.7513382745901,-4.072815037933594,-31.625104816579913,27.55228977864632,-27.55228977864632,0.04592365575809487,24,9
7425.87,28.4583,1524.7746259834332,-4.063093740597081,-31.67573417200214,27.61264043140506,-27.61264043140506,0.03490276707084182,24,9
7449.36,28.4361,1524.7658910715727,-4.067841390050954,-31.65670546300333,27.588864072952376,-27.588864072952376,0.031128557801827755,24,9
7472.83,28.4607,1524.7566630268718,-4.063088329565375,-31.670384025594476,27.6072956960291,-27.6072956960291,0.043996973328757114,24,9
7496.3,28.4051,1524.7505660926652,-4.0755497917526124,-31.683984650334377,27.608434858581766,-27.608434858581766,0.03647749631995331,24,9
7519.78,28.3513,1524.7792582984723,-4.053946629870774,-31.690901689046047,27.63695505917527,-27.63695505917527,0.04267169920176701,24,9
7543.27,28.3712,1524.7879883638802,-4.060304405906997,-31.68466264938415,27.624358243477154,-27.624358243477154,0.03676484419098622,24,9
7566.75,28.3916,1524.7779509263369,-4.06474590651393,-31.711634277241664,27.646888370727734,-27.646888370727734,0.04557251104583769,24,9
7590.22,28.3212,1524.7442290938652,-4.084033785734201,-31.679781758355613,27.59574797262141,-27.59574797262141,0.0342282009771259,24,9
7613.71,28.3103,1524.7541607134672,-4.075857302825304,-31.674606398018632,27.598749095193327,-27.598749095193327,0.02848448008588449,24,9
7637.18,28.2922,1524.7459836743424,-4.098691785732422,-31.699618128881905,27.60092634314948,-27.60092634314948,0.03429374136497812,24,9
7660.67,28.2867,1524.744947924724,-4.102763244570043,-31.71063909993739,27.607875855367347,-27.607875855367347,0.04215094527320969,24,9
7684.14,28.223,1524.742369141575,-4.108196221290427,-31.730392724520975,27.622196503230548,-27.622196503230548,0.03517309576117014,24,9
7707.62,28.1871,1524.7513241071963,-4.091720184393449,-31.710546196766245,27.618826012372796,-27.618826012372796,0.038724756124191725,24,9
7731.1,28.1205,1524.7615560922948,-4.088939943500535,-31.73522154999936,27.646281606498825,-27.646281606498825,0.030768583479330473,24,9
7754.58,28.1246,1524.7313950462826,-4.107118073156133,-31.73273031648408,27.625612243327947,-27.625612243327947,0.04644533784845443,24,9
7778.06,28.1256,1524.7297435428625,-4.117537060342267,-31.738495801989256,27.620958741646987,-27.620958741646987,0.036749877742314335,24,9
7801.53,28.1116,1524.7275031167342,-4.123016735816355,-31.747221536990477,27.624204801174123,-27.624204801174123,0.03335425027112954,24,9
7825.01,28.1182,1524.7199508807582,-4.118093066111413,-31.74180021964205,27.62370715353064,-27.62370715353064,0.042438631380712626,24,9
7848.5,28.0752,1524.7309504024115,-4.119866177576338,-31.74085662475884,27.620990447182503,-27.620990447182503,0.0304383522203493,24,9
7871.98,28.0137,1524.7187283258334,-4.1100766375446405,-31.75276885957374,27.6426922220291,-27.6426922220291,0.03862816462378926,24,9
7895.45,28.0134,1524.7149276648647,-4.145040470631454,-31.755930715904476,27.610890245273023,-27.610890245273023,0.04428244037510863,24,9
7918.93,27.9375,1524.7295075825696,-4.13070637589442,-31.796516287234628,27.665809911340208,-27.665809911340208,0.040542136986232116,24,9
7942.41,27.9553,1524.7334409206808,-4.145443390492559,-31.76655953969552,27.62111614920296,-27.62111614920296,0.04400813418457395,24,9
7965.89,27.9676,1524.7206428683953,-4.150245725672088,-31.782016662288076,27.631770936615986,-27.631770936615986,0.042732461254507165,24,9
7989.37,27.9087,1524.7206104897323,-4.160375338192592,-31.821029604963254,27.660654266770663,-27.660654266770663,0.04236845629250217,24,9
8012.85,27.8873,1524.7099175370765,-4.153743749211986,-31.783976809310353,27.630233060098366,-27.630233060098366,0.045288292342631126,24,9
8036.33,27.8806,1524.7037664212048,-4.161361688571104,-31.78749629902733,27.626134610456226,-27.626134610456226,0.04325494666844066,24,9
8059.81,27.8146,1524.7319032390596,-4.157754203117561,-31.788615889875985,27.630861686758422,-27.630861686758422,0.03564480083494404,24,9
8083.28,27.846,1524.744146942363,-4.137236572907408,-31.80057604412527,27.66333947121786,-27.66333947121786,0.03830296776068543,24,9
8106.76,27.7931,1524.7132141984316,-4.152514311923465,-31.81852153449138,27.666007222567917,-27.666007222567917,0.03513853343490959,24,9
8130.24,27.7176,1524.708795151768,-4.165268851345069,-31.80743831041302,27.64216945906795,-27.64216945906795,0.040334784859241635,24,9
8153.72,27.7765,1524.736023730001,-4.1554586819742525,-31.804885366905275,27.649426684931022,-27.649426684931022,0.0521708595395746,24,9
8177.2,27.7274,1524.7264790306074,-4.172533735600319,-31.837474817632792,27.664941082032474,-27.664941082032474,0.04072935889688103,24,9
8200.68,27.7156,1524.7012709542041,-4.180342851359352,-31.806676807941525,27.626333956582172,-27.626333956582172,0.04455615515068621,24,9
8224.15,27.6188,1524.7226461540058,-4.173944712933478,-31.839637622924297,27.665692909990817,-27.665692909990817,0.038912028476693714,24,9
8247.63,27.6928,1524.7008663587787,-4.180348568001902,-31.826533948114538,27.646185380112634,-27.646185380112634,0.04352174903421549,24,9
8271.11,27.5975,1524.7148394978058,-4.1951983644454955,-31.842686166721492,27.647487802275997,-27.647487802275997,0.03624431810856894,24,9
8294.59,27.599,1524.6881186822768,-4.219735391316823,-31.81347124337817,27.593735852061346,-27.593735852061346,0.03861768034254934,24,9
8318.07,27.5899,1524.7023471196367,-4.215395835364202,-31.85635662999123,27.640960794627027,-27.640960794627027,0.039185826345622544,24,9
8341.55,27.5524,1524.7064327789521,-4.212696605871185,-31.863874861067494,27.651178255196307,-27.651178255196307,0.04393083328635174,24,9
8365.03,27.5517,1524.7137562845073,-4.21290714188354,-31.85942751296875,27.64652037108521,-27.64652037108521,0.03843515523934242,24,9
8388.51,27.5217,1524.724461798733,-4.212544252811659,-31.84581988846525,27.63327563565359,-27.63327563565359,0.04420179320394575,24,9
8411.99,27.4798,1524.7269410594254,-4.209960050903521,-31.86363320742776,27.65367315652424,-27.65367315652424,0.04318743044004556,24,9
8435.46,27.5315,1524.7023088268177,-4.235401495837408,-31.867719790383386,27.63231829454598,-27.63231829454598,0.03070893123119847,24,9
8458.95,27.4648,1524.6943617099562,-4.220088441994345,-31.87559410994825,27.655505667953904,-27.655505667953904,0.042458850957766366,24,9
8482.43,27.4124,1524.6764797665141,-4.229404080037278,-31.841183524099065,27.61177944406179,-27.61177944406179,0.04471495264160501,24,9
8505.9,27.3854,1524.6829172506982,-4.241298931512986,-31.88484845675061,27.643549525237624,-27.643549525237624,0.045714379787899176,24,9
8532.77,27.4007,1524.6868136608275,-4.228318974681523,-31.899001442816033,27.67068246813451,-27.67068246813451,0.046584411521258445,24,9
8556.25,27.3896,1524.6827369211176,-4.2350242765920125,-31.88620280073476,27.65117852414275,-27.65117852414275,0.039770874989035046,24,9
8579.73,27.3714,1524.6659554597684,-4.251434956008851,-31.888323224482193,27.636888268473342,-27.636888268473342,0.04791498643600818,24,9
8603.22,27.3382,1524.7203899933495,-4.22690854136887,-31.915464553115093,27.688556011746222,-27.688556011746222,0.03506883978702926,24,9
8626.69,27.3423,1524.6783981223919,-4.242071397005467,-31.89471486764,27.652643470634533,-27.652643470634533,0.04691696707486814,24,9
8650.16,27.2987,1524.668053384118,-4.264255010109887,-31.905086707127502,27.640831697017617,-27.640831697017617,0.03731077037909297,24,9
8673.64,27.211,1524.7031821166179,-4.254109669960467,-31.899350252631358,27.64524058267089,-27.64524058267089,0.03278163424237816,24,9
8697.12,27.2007,1524.6808892167126,-4.2370655300716935,-31.903891063118746,27.666825533047053,-27.666825533047053,0.036595093217694524,24,9
8720.59,27.2354,1524.64762428124,-4.253409086586165,-31.892231117470395,27.638822030884228,-27.638822030884228,0.052609690404034216,24,9
8744.08,27.1983,1524.7058868675726,-4.229422330477991,-31.89513264506783,27.665710314589838,-27.665710314589838,0.041585114268520386,24,9
8767.55,27.19,1524.7115652672082,-4.245979862515281,-31.904024317302195,27.658044454786914,-27.658044454786914,0.040655382345949086,24,9
8791.04,27.1932,1524.6624601904275,-4.267124060016576,-31.933308421817756,27.66618436180118,-27.66618436180118,0.0368876268963336,24,9
8814.51,27.1415,1524.6917292120722,-4.259102827429366,-31.916506359607286,27.65740353217792,-27.65740353217792,0.0494732299283305,24,9
8837.99,27.1478,1524.677653400011,-4.2696061467120225,-31.93297232300617,27.663366176294147,-27.663366176294147,0.04664072164566584,24,9
8861.47,27.1235,1524.6461646629336,-4.294476882978277,-31.91640264030482,27.621925757326544,-27.621925757326544,0.04507252817676583,24,9
8884.94,27.1089,1524.684787365951,-4.277308584912905,-31.91034757925793,27.633038994345025,-27.633038994345025,0.04167337576545427,24,9
8908.41,27.0761,1524.6598120493834,-4.291757054091039,-31.92724986555914,27.6354928114681,-27.6354928114681,0.03565853542177204,24,9
8931.89,27.046,1524.6456295580983,-4.312281161608957,-31.941963213136926,27.62968205152797,-27.62968205152797,0.03578378062443415,24,9
8955.37,27.0024,1524.6931571791672,-4.284211625545615,-31.9461550008484,27.661943375302783,-27.661943375302783,0.04776019633454065,24,9
8978.85,27.052,1524.6927647213008,-4.281408821623989,-31.95702656075202,27.67561773912803,-27.67561773912803,0.03325096383751586,24,9
9002.32,27.0191,1524.6432851287536,-4.3043191238065415,-31.9536797121408,27.64936058833426,-27.64936058833426,0.04331045868696838,24,9
9025.8,26.9706,1524.6631949839289,-4.29321338788575,-31.956322998354235,27.663109610468485,-27.663109610468485,0.037988977625230035,24,9
9049.28,26.9253,1524.6821196211245,-4.280894787701726,-31.945483486162292,27.664588698460566,-27.664588698460566,0.04202887374083558,24,9
9072.76,26.9185,1524.6658448828352,-4.291997213438171,-31.980838382734568,27.688841169296396,-27.688841169296396,0.04951046274168349,24,9
9096.24,26.9033,1524.6702139557724,-4.317610241964244,-31.944521295920882,27.62691105395664,-27.62691105395664,0.03358482668304651,24,9
9119.71,26.8529,1524.6466149851415,-4.313143705320923,-31.96541009386799,27.65226638854707,-27.65226638854707,0.03259201841246281,24,9
9143.19,26.8564,1524.6700471274844,-4.3013632921732645,-31.992144264628653,27.69078097245539,-27.69078097245539,0.036344464586491244,24,9
9166.66,26.8769,1524.7101545365472,-4.299469268912285,-31.974920539644334,27.675451270732047,-27.675451270732047,0.03988422081603864,24,9
9190.15,26.8356,1524.6549450525147,-4.3188083070697925,-31.95335840318444,27.634550096114644,-27.634550096114644,0.0329654859608583,24,9
9213.62,26.8294,1524.6750159114406,-4.317922325072145,-31.968354253328908,27.650431928256765,-27.650431928256765,0.041123449414505964,24,9
9237.1,26.8269,1524.6761663207203,-4.331598664614813,-31.981918828412915,27.650320163798103,-27.650320163798103,0.041070379602702906,24,9
9260.58,26.7497,1524.6344546232174,-4.336716900248833,-31.965252357042303,27.628535456793472,-27.628535456793472,0.04351676063864002,24,9
9284.05,26.7229,1524.6793008681436,-4.327830816950774,-31.99220344188159,27.664372624930813,-27.664372624930813,0.03927658008777317,24,9
9307.54,26.668,1524.6614070744645,-4.357673315628052,-32.0010820943576,27.643408778729547,-27.643408778729547,0.05305027206920395,24,9
9331.01,26.7331,1524.6842573303313,-4.346761510689982,-31.993079308563168,27.646317797873188,-27.646317797873188,0.04894743520965138,24,9
9354.49,26.681,1524.6785272230147,-4.3354900214409735,-31.996444501127495,27.660954479686524,-27.660954479686524,0.03770759088667651,24,9
9377.96,26.6676,1524.6883378234666,-4.335604379699101,-32.004862087094615,27.669257707395516,-27.669257707395516,0.04316527204157207,24,9
9401.45,26.6552,1524.6910017515486,-4.335808305855866,-32.02407752469144,27.688269218835575,-27.688269218835575,0.046344547011271255,24,9
9424.92,26.6428,1524.6744517538013,-4.357632313229484,-32.01657158493228,27.658939271702796,-27.658939271702796,0.047093753980748006,24,9
9448.4,26.6374,1524.7056822887405,-4.3420353927586905,-32.01603339322135,27.67399800046266,-27.67399800046266,0.03989217831868521,24,9
9471.88,26.6245,1524.6828056765053,-4.349307401733318,-32.01686521081377,27.66755780908045,-27.66755780908045,0.044674205700696794,24,9
9495.35,26.5984,1524.6738759363507,-4.360741569479292,-32.02137014979769,27.6606285803184,-27.6606285803184,0.04620527219419442,24,9
9518.84,26.5537,1524.6982379066292,-4.375150984594596,-32.028223566829276,27.653072582234678,-27.653072582234678,0.040999575303787,24,9
9542.31,26.5562,1524.7183484092136,-4.349591488126492,-32.02534120277385,27.67574971464736,-27.67574971464736,0.043170715834068854,24,9
9565.79,26.5573,1524.6924293374266,-4.3364697895129645,-32.034626610018016,27.69815682050505,-27.69815682050505,0.04923182265302602,24,9
9589.27,26.492,1524.7028083071084,-4.361532659418974,-32.03192077975249,27.670388120333516,-27.670388120333516,0.03367623643670185,24,9
9612.74,26.4946,1524.6648029179876,-4.387112637845023,-32.02914721333414,27.64203457548912,-27.64203457548912,0.037932022456193155,24,9
9636.22,26.484,1524.7015544872627,-4.3470251699621265,-32.0382090790154,27.691183909053276,-27.691183909053276,0.050082675209388014,24,9
9659.7,26.4671,1524.6427944212605,-4.39123442857257,-32.043142998860176,27.651908570287606,-27.651908570287606,0.048097908989418736,24,9
9683.17,26.456,1524.6778099792818,-4.385528433163497,-32.059939941476685,27.674411508313188,-27.674411508313188,0.04268945169111639,24,9
9706.65,26.382,1524.6643983392394,-4.387816225263348,-32.035129523437796,27.647313298174446,-27.647313298174446,0.046827932659198226,24,9
9730.13,26.416,1524.6676687640793,-4.38824190315609,-32.057418959080124,27.669177055924035,-27.669177055924035,0.04611107900752323,24,9
9753.61,26.3536,1524.6824324612946,-4.3746332829204,-32.06498147177487,27.690348188854472,-27.690348188854472,0.044554908596663084,24,9
9777.09,26.3848,1524.7198757031326,-4.362428268307614,-32.07938689507263,27.716958626765017,-27.716958626765017,0.0405750924187647,24,9
9800.57,26.3646,1524.6753726022193,-4.381240063309994,-32.07899379549865,27.69775373218865,-27.69775373218865,0.03732415561864484,24,9
9824.04,26.3562,1524.682076198311,-4.395554078152536,-32.07238763221692,27.676833554064387,-27.676833554064387,0.047703109571549565,24,9
9847.52,26.3379,1524.681011353341,-4.400419685332379,-32.08072718426613,27.68030749893375,-27.68030749893375,0.03896790873278186,24,9
9871.0,26.3148,1524.6730650449465,-4.402204791413408,-32.06447268863366,27.66226789722025,-27.66226789722025,0.04435886432769353,24,9
9894.48,26.238,1524.6257291287466,-4.417264278406021,-32.06622547176313,27.64896119335711,-27.64896119335711,0.05809929804893476,24,9
9917.96,26.2778,1524.6730230576684,-4.416882631847519,-32.078680352273246,27.661797720425724,-27.661797720425724,0.03860926862386326,24,9
9941.43,26.2583,1524.6515719446775,-4.424653156045567,-32.111935187988394,27.68728203194283,-27.68728203194283,0.04251004145490964,24,9
9964.91,26.193,1524.6778054288723,-4.416647037465138,-32.11323268731867,27.69658564985353,-27.69658564985353,0.04863551930936048,24,9
9988.38,26.2509,1524.6741440304884,-4.404773823454002,-32.106826136625706,27.702052313171706,-27.702052313171706,0.04780391282462398,24,9
10011.9,26.2108,1524.6858610746774,-4.415029722829269,-32.09619406929977,27.681164346470503,-27.681164346470503,0.03803445607139283,24,9
10035.4,26.2064,1524.6709546902925,-4.425788498688845,-32.09559417467375,27.669805675984904,-27.669805675984904,0.039246422639820665,24,9
10058.8,26.1286,1524.7024470994238,-4.405646389349818,-32.10325731267685,27.697610923327034,-27.697610923327034,0.04871331247343544,24,9
10082.3,26.1643,1524.6977683180385,-4.406511125361689,-32.12332095258397,27.716809827222278,-27.716809827222278,0.04321079141142893,24,9
10105.8,26.1288,1524.6628418412986,-4.426849887438941,-32.10704411774224,27.6801942303033,-27.6801942303033,0.045216136525960855,24,9
10129.3,26.1013,1524.6408597580407,-4.445797435160545,-32.10977901789085,27.663981582730308,-27.663981582730308,0.05283803072545575,24,9
10152.7,26.077,1524.6940416451964,-4.418354849250513,-32.12338328667605,27.70502843742554,-27.70502843742554,0.049916272764944015,24,9
10176.2,25.9924,1524.6575950034442,-4.442246102647921,-32.12396168480079,27.68171558215287,-27.68171558215287,0.0505683554754091,24,9
10199.7,26.057,1524.7094157555148,-4.429029200314138,-32.108873957640604,27.679844757326467,-27.679844757326467,0.043366168746800396,24,9
10223.2,26.0602,1524.663446156372,-4.426791862847114,-32.12583118883528,27.699039325988164,-27.699039325988164,0.043323094766157824,24,9
10246.7,26.0058,1524.6603065565962,-4.438932333264531,-32.11482779773764,27.675895464473108,-27.675895464473108,0.04674921824095363,24,9
10270.1,25.9779,1524.680582107973,-4.433811635573048,-32.11373011046175,27.679918474888705,-27.679918474888705,0.04382328043587641,24,9
10293.6,25.9635,1524.6632394848527,-4.447237710381076,-32.12690821190259,27.679670501521514,-27.679670501521514,0.043211627941553296,24,9
10317.1,25.991,1524.6698478933477,-4.450559212571168,-32.1259125463208,27.67535333374963,-27.67535333374963,0.04632868672143448,24,9
10340.6,25.9928,1524.6424201322784,-4.4593323744590565,-32.157732037899365,27.69839966344031,-27.69839966344031,0.049792619072771674,24,9
10364.0,25.9852,1524.657466540248,-4.4455596869665515,-32.14639221506767,27.70083252810112,-27.70083252810112,0.049539186937828675,24,9
10387.5,25.9014,1524.638602760182,-4.454666126937894,-32.15816538915948,27.703499262221584,-27.703499262221584,0.055501006109097285,24,9
10411.0,25.9055,1524.661298355268,-4.452095582828845,-32.109078421116955,27.65698283828811,-27.65698283828811,0.05725187789962869,24,9
10434.5,25.8983,1524.636569143501,-4.466355215342567,-32.126467334552174,27.660112119209607,-27.660112119209607,0.04907463575147356,24,9
10458.0,25.8442,1524.6671734684799,-4.444824493919883,-32.15241090029396,27.707586406374077,-27.707586406374077,0.04663495903228764,24,9
10481.4,25.8683,1524.6692694204885,-4.457224469569004,-32.15765750253988,27.70043303297087,-27.70043303297087,0.04563093205820689,24,9
10504.9,25.8542,1524.640916587516,-4.459865768364004,-32.1509207449253,27.691054976561297,-27.691054976561297,0.04436976313387745,24,9
10528.4,25.8381,1524.6731362917767,-4.457133736234845,-32.15317689300847,27.696043156773626,-27.696043156773626,0.0455368334641582,24,9
10551.9,25.8306,1524.6704915130497,-4.464984556085384,-32.17256530461129,27.707580748525906,-27.707580748525906,0.04593312392422955,24,9
10575.3,25.769,1524.6581411563661,-4.471905540111596,-32.18740544489497,27.715499904783375,-27.715499904783375,0.039128933362309964,24,9
10598.8,25.8136,1524.6339864206443,-4.49212319032047,-32.15594586591295,27.663822675592478,-27.663822675592478,0.03856654404573263,24,9
10622.3,25.7994,1524.65638892699,-4.481349993203329,-32.14611994410001,27.664769950896677,-27.664769950896677,0.054358334308884,24,9
10645.8,25.7877,1524.671973270659,-4.4641409073116165,-32.17489776361301,27.710756856301394,-27.710756856301394,0.03708986790330979,24,9
10669.3,25.7698,1524.6453282166058,-4.496478059934176,-32.17398796164389,27.677509901709712,-27.677509901709712,0.03859447217962132,24,9
10692.7,25.7165,1524.6489726552973,-4.484301421961433,-32.192636843906065,27.708335421944632,-27.708335421944632,0.05171604323316532,24,9
10716.2,25.7135,1524.6532770951355,-4.4778388841758066,-32.17632321334104,27.698484329165236,-27.698484329165236,0.043915991656503464,24,9
10739.7,25.6965,1524.626989616615,-4.504476546265013,-32.178644562353455,27.67416801608844,-27.67416801608844,0.04464829784526195,24,9
10763.2,25.6641,1524.6412182274896,-4.484368373781582,-32.20453976905234,27.720171395270757,-27.720171395270757,0.037619373651800424,24,9
10786.6,25.5916,1524.6126031226747,-4.524256054840991,-32.192879166145616,27.668623111304626,-27.668623111304626,0.03426023161850552,24,9
10810.1,25.6553,1524.6464690785203,-4.495677800442884,-32.18033346550156,27.684655665058678,-27.684655665058678,0.038400607862622366,24,9
10833.6,25.6466,1524.6253684162407,-4.525175565245494,-32.185053436222056,27.659877870976562,-27.659877870976562,0.04016506341618474,24,9
10857.1,25.6034,1524.6375655382612,-4.507641061259593,-32.19944801508199,27.691806953822397,-27.691806953822397,0.052829667346207546,24,9
10880.5,25.6173,1524.660267093763,-4.491643153506461,-32.20502663204729,27.713383478540834,-27.713383478540834,0.04443943615187046,24,9
10904.0,25.5934,1524.6304652196643,-4.53360730079593,-32.191908729320595,27.658301428524666,-27.658301428524666,0.044836792654359976,24,9
10927.5,25.598,1524.65296368085,-4.495552324548033,-32.22377770200586,27.72822537745783,-27.72822537745783,0.07010973708554338,24,9
10951.0,25.543,1524.6521046879632,-4.50431598681567,-32.212585975994585,27.708269989178916,-27.708269989178916,0.04249912521609603,24,9
10974.5,25.5537,1524.6859399302803,-4.499644449759927,-32.20470925745941,27.705064807699486,-27.705064807699486,0.04311951326716006,24,9
10997.9,25.518,1524.6727948759785,-4.516942816677929,-32.23030434705611,27.713361530378183,-27.713361530378183,0.046490236290937195,24,9
11021.4,25.4861,1524.6475295081261,-4.5127728956848205,-32.21204405929363,27.699271163608813,-27.699271163608813,0.04686598057262245,24,9
11044.9,25.4724,1524.6535292635801,-4.51971865190139,-32.209715428980395,27.689996777079006,-27.689996777079006,0.043017385903371036,24,9
11068.4,25.522,1524.6799471338284,-4.501313738962869,-32.22827900630147,27.7269652673386,-27.7269652673386,0.041303085029343406,24,9
11091.9,25.4593,1524.639109099304,-4.5202179254101225,-32.23864720262167,27.71842927721155,-27.71842927721155,0.03328545049417917,24,9
11115.3,25.3921,1524.675253067984,-4.494954974325644,-32.2324029448571,27.737447970531456,-27.737447970531456,0.03767842844538929,24,9
11138.8,25.4294,1524.652977231499,-4.5169490786583975,-32.24761066385584,27.73066158519744,-27.73066158519744,0.04544287247567754,24,9
11162.3,25.4158,1524.6614504964732,-4.523426075174561,-32.217748442524666,27.694322367350104,-27.694322367350104,0.04293293100221658,24,9
11185.8,25.4222,1524.6659266601137,-4.534960570640664,-32.241834895231165,27.7068743245905,-27.7068743245905,0.03685983763831609,24,9
11209.2,25.4121,1524.641049027588,-4.530302185525683,-32.25645448110226,27.726152295576576,-27.726152295576576,0.02892700370225378,24,9
11232.7,25.4031,1524.6326627923554,-4.535968685402557,-32.25312034851941,27.71715166311685,-27.71715166311685,0.04933721517827866,24,9
11256.2,25.3759,1524.6659816862443,-4.530866920707663,-32.248295454494645,27.717428533786983,-27.717428533786983,0.028630072619342622,24,9
11279.7,25.3694,1524.646020410118,-4.524347220641472,-32.236482259812945,27.71213503917147,-27.71213503917147,0.042457129932795,24,9
11303.2,25.3469,1524.681242896153,-4.520266235547407,-32.2627045624201,27.74243832687269,-27.74243832687269,0.03491325039222237,24,9
11326.6,25.3148,1524.6216281864965,-4.550313221604171,-32.268789265536235,27.718476043932064,-27.718476043932064,0.030500167274659255,24,9
11350.1,25.2602,1524.6560528940415,-4.536678375140693,-32.257917727557455,27.721239352416763,-27.721239352416763,0.03384770649154308,24,9
11373.6,25.3375,1524.621875015936,-4.5495290513847575,-32.23814818852226,27.6886191371375,-27.6886191371375,0.03669590055024356,24,9
11397.1,25.3152,1524.6431239749672,-4.562938198571498,-32.2626680051103,27.6997298065388,-27.6997298065388,0.04124246078132364,24,9
11420.6,25.2796,1524.6525201475715,-4.545709166139777,-32.27041316174274,27.72470399560296,-27.72470399560296,0.036309038833757586,24,9
11444.0,25.2885,1524.6551810680724,-4.55803671101952,-32.26751245822099,27.709475747201473,-27.709475747201473,0.03631437066063534,24,9
11467.5,25.253,1524.6650284302093,-4.569275770802616,-32.280560450870624,27.711284680068008,-27.711284680068008,0.030460537292000826,24,9
11491.0,25.2337,1524.6108087785883,-4.56437516530648,-32.27044563595877,27.706070470652293,-27.706070470652293,0.05112097774941053,24,9
11514.5,25.2307,1524.6702320133281,-4.557568338191899,-32.26853365961876,27.710965321426862,-27.710965321426862,0.044071411242119794,24,9
11537.9,25.2376,1524.642759367541,-4.566337054882127,-32.272188451449026,27.7058513965669,-27.7058513965669,0.03556728059706818,24,9
11561.4,25.2432,1524.6323871932075,-4.568074382674395,-32.28153848386386,27.713464101189466,-27.713464101189466,0.045457976055111045,24,9
11584.9,25.2113,1524.6565716930709,-4.562540209715975,-32.284680229886675,27.7221400201707,-27.7221400201707,0.03273058644376985,24,9
11608.4,25.1935,1524.6530144599421,-4.561189680254561,-32.27885968429174,27.717670004037178,-27.717670004037178,0.05203702773800195,24,9
11631.8,25.1827,1524.6554589460675,-4.568385723602079,-32.298661654722096,27.73027593112002,-27.73027593112002,0.0359676384407596,24,9
11655.3,25.1726,1524.649894053771,-4.570558454387039,-32.29851378197143,27.72795532758439,-27.72795532758439,0.03252934971709016,24,9
11678.8,25.1494,1524.6311809947106,-4.581208677507835,-32.2894663212214,27.708257643713562,-27.708257643713562,0.047371672193824765,24,9
11702.3,25.1238,1524.638020577987,-4.5742442970414565,-32.289873193553085,27.715628896511628,-27.715628896511628,0.036373416459801015,24,9
11725.8,25.1348,1524.6638570337589,-4.5658995941130165,-32.289134747336625,27.72323515322361,-27.72323515322361,0.041267242204004156,24,9
11749.2,25.1109,1524.6359848756342,-4.581150008358958,-32.307875562826794,27.726725554467837,-27.726725554467837,0.03984723246759671,24,9
11772.7,25.0286,1524.6407730727844,-4.589760963292812,-32.317347479768195,27.727586516475384,-27.727586516475384,0.050617535229898376,24,9
11796.2,25.0652,1524.6536072570264,-4.594848166306989,-32.301870889820975,27.707022723513987,-27.707022723513987,0.0413132133143593,24,9
11819.7,25.0765,1524.6484814290375,-4.580089175768595,-32.29176251212329,27.711673336354696,-27.711673336354696,0.05714804877636284,24,9
11843.1,25.0557,1524.6562777555275,-4.592812088510014,-32.28153294041863,27.688720851908613,-27.688720851908613,0.05033189507190104,24,9
11866.6,25.0441,1524.6535959290068,-4.580182148148884,-32.30582590938309,27.725643761234203,-27.725643761234203,0.03323754890791643,24,9
11890.1,25.0165,1524.6377012426046,-4.59696128664659,-32.33021067714483,27.733249390498237,-27.733249390498237,0.04956094778496142,24,9
11913.6,25.023,1524.6264107666896,-4.607909748134888,-32.3045320139391,27.696622265804216,-27.696622265804216,0.035992479453760225,24,9
11937.1,24.9879,1524.6557079196828,-4.605525128410383,-32.322822096758735,27.71729696834835,-27.71729696834835,0.030061642827323765,24,9
11960.5,24.9836,1524.651730598647,-4.594916023877509,-32.29791119885446,27.702995174976948,-27.702995174976948,0.035632097447416515,24,9
11984.0,24.9808,1524.673059128932,-4.596023859385086,-32.334639034574664,27.73861517518958,-27.73861517518958,0.03716140846429658,24,9
12007.5,24.9409,1524.6149300412333,-4.627357107411335,-32.34719633461018,27.719839227198847,-27.719839227198847,0.044571218569330745,24,9
12031.0,24.9512,1524.620427016417,-4.621409398589908,-32.32005327157503,27.69864387298512,-27.69864387298512,0.042726561602131646,24,9
12054.4,24.918,1524.654417098097,-4.618701954402204,-32.32688861398108,27.708186659578878,-27.708186659578878,0.041912873912304076,24,9
12077.9,24.8857,1524.6686996757128,-4.592835818813247,-32.30558419508594,27.712748376272692,-27.712748376272692,0.0430324671589064,24,9
12101.4,24.9004,1524.6489958875663,-4.618095445446968,-32.367816658339095,27.749721212892126,-27.749721212892126,0.04611257973319525,24,9
12124.9,24.9004,1524.6482783548036,-4.629382502317652,-32.32448931312865,27.695106810810998,-27.695106810810998,0.044841710159511744,24,9
12148.4,24.8605,1524.5986175265264,-4.642324035964695,-32.35269352143319,27.710369485468494,-27.710369485468494,0.03807577991736414,24,9
12171.8,24.8723,1524.619025174413,-4.634721697798492,-32.29315107456643,27.65842937676794,-27.65842937676794,0.04075376845314009,24,9
12195.3,24.8751,1524.637063600204,-4.635875909825171,-32.309875858830786,27.673999949005616,-27.673999949005616,0.034668668890372636,24,9
12218.8,24.8502,1524.661684972873,-4.6046151907608275,-32.36061655613678,27.756001365375955,-27.756001365375955,0.03757720345886051,24,9
12242.3,24.8432,1524.621496796274,-4.641862169599299,-32.33310148188219,27.69123931228289,-27.69123931228289,0.042700031501596104,24,9
12265.8,24.8286,1524.6072467288811,-4.6448701824375345,-32.35500206875791,27.710131886320376,-27.710131886320376,0.046041382204487495,24,9
12289.2,24.843,1524.607648871851,-4.64992397497508,-32.35104434868337,27.701120373708285,-27.701120373708285,0.032427605209216975,24,9
12312.7,24.8083,1524.6171889967795,-4.654053460968685,-32.368799708465936,27.714746247497253,-27.714746247497253,0.036689179517810686,24,9
12336.2,24.7791,1524.5995749493045,-4.656844720185101,-32.360143328372985,27.703298608187882,-27.703298608187882,0.04395954620056819,24,9
12359.7,24.7869,1524.6423900719942,-4.64255284714573,-32.35695149750411,27.714398650358383,-27.714398650358383,0.041228966381366826,24,9
12383.1,24.7821,1524.629357442814,-4.644830755713473,-32.342873495013414,27.698042739299943,-27.698042739299943,0.051051602687646115,24,9
12406.6,24.7512,1524.615686299136,-4.664520098357851,-32.371655539038464,27.707135440680613,-27.707135440680613,0.032770277396135986,24,9
12430.1,24.7638,1524.64942771399,-4.646776988214181,-32.37288178971226,27.726104801498078,-27.726104801498078,0.025946405036075915,24,9
12453.6,24.7154,1524.6055574230422,-4.665207127960532,-32.37232946860206,27.70712234064153,-27.70712234064153,0.04391220821294732,24,9
12477.1,24.6825,1524.6227785262572,-4.65365846717943,-32.333324459470646,27.679665992291216,-27.679665992291216,0.04129986206243091,24,9
12500.5,24.7049,1524.5979408802777,-4.666997328707023,-32.34678149998479,27.67978417127777,-27.67978417127777,0.04378510798400474,24,9
12524.0,24.6299,1524.6154367550257,-4.642658203772029,-32.36035651170401,27.717698307931983,-27.717698307931983,0.036023075653799044,24,9
12547.5,24.6697,1524.6335444429553,-4.651898863107163,-32.37745136940637,27.72555250629921,-27.72555250629921,0.04032721956377383,24,9
12571.0,24.6586,1524.6046995790118,-4.680067994256099,-32.37692336460927,27.69685537035317,-27.69685537035317,0.04334602067309471,24,9
12594.4,24.6337,1524.6382580962313,-4.65111464655283,-32.3964924819159,27.74537783536307,-27.74537783536307,0.026619883011268716,24,9
12617.9,24.6299,1524.6082626985556,-4.664883934977981,-32.385856461071405,27.720972526093426,-27.720972526093426,0.035938963820035856,24,9
12641.4,24.6194,1524.6009159162916,-4.661589367756083,-32.367457740576384,27.7058683728203,-27.7058683728203,0.03688198733025393,24,9
12668.3,24.5279,1524.5995646254455,-4.675174471467522,-32.3829586301221,27.707784158654576,-27.707784158654576,0.029770145324725522,24,9
12691.8,24.5547,1524.6003065124405,-4.695211238648016,-32.39464949758768,27.699438258939665,-27.699438258939665,0.03704614582151658,24,9
12715.3,24.5786,1524.605923010098,-4.668181510079009,-32.38514263767009,27.716961127591084,-27.716961127591084,0.030766218183378196,24,9
12738.8,24.5559,1524.589388434182,-4.701049297434462,-32.37800716600083,27.676957868566365,-27.676957868566365,0.04138200915360805,24,9
12762.2,24.5607,1524.609815671703,-4.68123058220794,-32.399864582511086,27.718634000303148,-27.718634000303148,0.031023356296038987,24,9
12785.7,24.538,1524.6325333294105,-4.663793552330493,-32.3576202207787,27.693826668448207,-27.693826668448207,0.0397573590444035,24,9
12809.2,24.5168,1524.6060177113684,-4.683087978174634,-32.39977668548126,27.716688707306623,-27.716688707306623,0.03491910861866069,24,9
12832.7,24.5059,1524.6399416734848,-4.671358366171762,-32.41027124401866,27.738912877846897,-27.738912877846897,0.047226312852512,24,9
12856.2,24.495,1524.6016660814294,-4.697547648404415,-32.39873788941034,27.701190241005925,-27.701190241005925,0.04263095734122528,24,9
12879.6,24.4798,1524.6168724446197,-4.693699078578906,-32.40808549553988,27.714386416960973,-27.714386416960973,0.03893075411289604,24,9
12903.1,24.4577,1524.6106445634782,-4.687749665396877,-32.395697743840564,27.707948078443685,-27.707948078443685,0.035853863435450314,24,9
12926.6,24.4868,1524.6218041943353,-4.686768543219829,-32.41311100668274,27.726342463462913,-27.726342463462913,0.039731825351517515,24,9
12950.1,24.4808,1524.6151167582275,-4.690247067593289,-32.39480201216836,27.704554944575072,-27.704554944575072,0.04940912139183871,24,9
12973.6,24.4698,1524.628380922346,-4.697461540833077,-32.39848774802125,27.70102620718818,-27.70102620718818,0.028821891512869655,24,9
12997.0,24.4309,1524.5746128196076,-4.7128151932403295,-32.41550161161838,27.70268641837805,-27.70268641837805,0.0427526646016838,24,9
13020.5,24.3948,1524.6525265507573,-4.6806846058991045,-32.39801808496135,27.717333479062248,-27.717333479062248,0.04179995332995297,24,9
13044.0,24.4187,1524.65112015211,-4.677691348402979,-32.4087568834289,27.73106553502592,-27.73106553502592,0.03126168193751777,24,9
13067.5,24.4018,1524.588661023372,-4.71144618762523,-32.41599253596228,27.704546348337054,-27.704546348337054,0.03854725586166165,24,9
13091.0,24.3409,1524.621408261624,-4.694614824729596,-32.42076387452407,27.726149049794472,-27.726149049794472,0.03213732905001509,24,9
13114.4,24.3697,1524.624430990946,-4.709449820573247,-32.41718690937089,27.707737088797643,-27.707737088797643,0.04400377944535237,24,9
13137.9,24.3311,1524.5817593086902,-4.718274604563721,-32.43340173025445,27.71512712569073,-27.71512712569073,0.03956342582756239,24,9
13161.4,24.3325,1524.6173868792466,-4.711220920188305,-32.4085029473711,27.697282027182794,-27.697282027182794,0.02279580339935212,24,9
13184.9,24.2682,1524.6341320253991,-4.707418355818477,-32.41582796920468,27.708409613386202,-27.708409613386202,0.03923383078061696,24,9
13208.3,24.3185,1524.634575954431,-4.7138043150871995,-32.43825718183371,27.724452866746514,-27.724452866746514,0.02674094148561517,24,9
13231.8,24.2986,1524.6294340933273,-4.713812877196677,-32.443023126835065,27.72921024963839,-27.72921024963839,0.026577532687069232,24,9
13255.3,24.2975,1524.6456334483848,-4.721753378040127,-32.46679042342119,27.74503704538106,-27.74503704538106,0.04379948454927233,24,9
13278.8,24.2654,1524.625549246806,-4.715873156158411,-32.42770670461671,27.7118335484583,-27.7118335484583,0.03852555254531739,24,9
13302.3,24.263,1524.6246660761944,-4.724827752782261,-32.4207554993952,27.695927746612938,-27.695927746612938,0.04676705783607164,24,9
13325.7,24.2874,1524.6483211968005,-4.723613663442486,-32.43331728214032,27.709703618697837,-27.709703618697837,0.05047455179840747,24,9
13349.2,24.2715,1524.5965631051067,-4.736628993326173,-32.43661053118625,27.699981537860076,-27.699981537860076,0.03530074829585822,24,9
13372.7,24.1729,1524.6099335554402,-4.740342797022456,-32.424701164110225,27.684358367087768,-27.684358367087768,0.04445347863782348,24,9
13396.2,24.2025,1524.616614327382,-4.734849478904592,-32.45107549093217,27.716226012027576,-27.716226012027576,0.03507135350067378,24,9
13419.7,24.1804,1524.593823220481,-4.735757319305636,-32.4343918609764,27.698634541670764,-27.698634541670764,0.034678612840901575,24,9
13443.1,24.187,1524.6094816537914,-4.73653513218247,-32.45318121617989,27.71664608399742,-27.71664608399742,0.034859796006698925,24,9
13466.6,24.2067,1524.638160896059,-4.733249566206064,-32.44734007843462,27.71409051222856,-27.71409051222856,0.033520269591179035,24,9
13490.1,24.1748,1524.6029681638984,-4.73891871040615,-32.43433742616708,27.695418715760933,-27.695418715760933,0.03387067914933553,24,9
13513.6,24.1436,1524.6442217353037,-4.716410734093213,-32.45247571116084,27.736064977067624,-27.736064977067624,0.033956578035726666,24,9
13537.1,24.1646,1524.6202338593898,-4.747400510568171,-32.45014306569388,27.70274255512571,-27.70274255512571,0.03133821284841013,24,9
13560.5,24.1348,1524.5975545469846,-4.743524157092515,-32.437249924984705,27.69372576789219,-27.69372576789219,0.03519781365635107,24,9
13584.0,24.1149,1524.6161520837697,-4.743382445740298,-32.43869551310321,27.695313067362914,-27.695313067362914,0.031435711045648976,24,9
13607.5,24.0566,1524.6114522973292,-4.744717663498311,-32.47135239691841,27.726634733420102,-27.726634733420102,0.03506507482740747,24,9
13631.0,24.0594,1524.6293980890237,-4.7380859943714775,-32.46541178310695,27.727325788735474,-27.727325788735474,0.040263316175546994,24,9
13654.4,24.0602,1524.5863397453586,-4.767004394978013,-32.44912349049771,27.6821190955197,-27.6821190955197,0.03442422147249371,24,9
13677.9,24.0595,1524.6198843925802,-4.751462929274619,-32.485879831749834,27.734416902475214,-27.734416902475214,0.040740420145537436,24,9
13701.4,24.0604,1524.6509024233796,-4.755410615466249,-32.46180617707859,27.706395561612343,-27.706395561612343,0.03331363186997895,24,9
13724.9,24.0456,1524.6406550911486,-4.766303654069269,-32.46091784096745,27.69461418689818,-27.69461418689818,0.054245844447356535,24,9
13748.4,24.0264,1524.6404275344046,-4.748781091810473,-32.4426266944808,27.69384560267033,-27.69384560267033,0.02883562745016126,24,9
13771.9,24.0215,1524.5918663922373,-4.767759116235756,-32.47592738510496,27.708168268869205,-27.708168268869205,0.026846105185570884,24,9
13795.3,24.0517,1524.650278017928,-4.743569876638042,-32.48258412943589,27.73901425279785,-27.73901425279785,0.02687165412813823,24,9
13818.8,24.0272,1524.6161264933958,-4.748601891836622,-32.48011546454381,27.731513572707186,-27.731513572707186,0.04575460072272225,24,9
13842.3,24.0283,1524.6105648338266,-4.761020862000621,-32.46356782913405,27.70254696713343,-27.70254696713343,0.04069085073121125,24,9
13865.8,23.9922,1524.633135493065,-4.764645891393694,-32.49569314040465,27.731047249010953,-27.731047249010953,0.047928926696547455,24,9
13889.2,23.9587,1524.6275244458957,-4.733501093809423,-32.49787350137728,27.764372407567855,-27.764372407567855,0.03948402467539798,24,9
13912.7,23.9628,1524.6332053940696,-4.761791068716862,-32.50235105049389,27.740559981777032,-27.740559981777032,0.029904037563036626,24,9
13936.2,23.9822,1524.6193484815656,-4.765297652282298,-32.48960117015741,27.724303517875107,-27.724303517875107,0.04607202501186679,24,9
13959.7,23.9709,1524.6535214942141,-4.754582052846908,-32.52483702369701,27.770254970850104,-27.770254970850104,0.038478899319452115,24,9
13983.2,23.9589,1524.6080966810161,-4.777209975579284,-32.53365341099484,27.756443435415555,-27.756443435415555,0.03364237786771358,24,9
14006.6,23.9063,1524.6155122577024,-4.769719451365077,-32.48636747775535,27.716648026390274,-27.716648026390274,0.03541082797731022,24,9
14030.1,23.923,1524.604673075229,-4.77775761001863,-32.478841469553515,27.701083859534886,-27.701083859534886,0.036974377390075384,24,9
14053.6,23.9403,1524.6274655320108,-4.774031483111029,-32.504050231439315,27.730018748328284,-27.730018748328284,0.03821105386288101,24,9
14077.1,23.9177,1524.6095306485431,-4.781315547211658,-32.51555375119874,27.73423820398708,-27.73423820398708,0.03777171702409823,24,9
14100.6,23.8902,1524.597361919504,-4.785894831228919,-32.5013851631364,27.71549033190748,-27.71549033190748,0.0448003004834633,24,9
14124.0,23.8824,1524.5958712257727,-4.798680232941702,-32.50221710864515,27.703536875703445,-27.703536875703445,0.044994500765404996,24,9
14147.5,23.8751,1524.646763513285,-4.771586500679454,-32.5067110258781,27.735124525198643,-27.735124525198643,0.04137861844105385,24,9
14171.0,23.877,1524.5886528626475,-4.812871439425496,-32.51073415100652,27.69786271158102,-27.69786271158102,0.043805507829257184,24,9
14194.5,23.8546,1524.5657185498808,-4.8246526824551745,-32.514205087111975,27.6895524046568,-27.6895524046568,0.05582019859648597,24,9
14218.0,23.8527,1524.5843647943395,-4.8026489047084855,-32.515734006187046,27.713085101478562,-27.713085101478562,0.057583923916738194,24,9
14241.4,23.8542,1524.5374969339402,-4.826761611216311,-32.506944300304205,27.680182689087893,-27.680182689087893,0.04868392239565169,24,9
14264.9,23.8315,1524.6110546542177,-4.809484171106099,-32.53995603275461,27.73047186164851,-27.73047186164851,0.03931254613711833,24,9
14288.4,23.8506,1524.5846022000046,-4.805732702585625,-32.551017943247004,27.745285240661378,-27.745285240661378,0.04936587065837464,24,9
14311.9,23.8279,1524.6228481741252,-4.796739803967043,-32.52757423965588,27.730834435688834,-27.730834435688834,0.04169222904964715,24,9
14335.4,23.8319,1524.5914512390987,-4.7997245475621995,-32.52164149457283,27.721916947010634,-27.721916947010634,0.04751145512231008,24,9
14358.8,23.8184,1524.572643001899,-4.8217547142934585,-32.463585123374365,27.641830409080907,-27.641830409080907,0.03894787834839975,24,9
14382.3,23.7576,1524.6294138353508,-4.807079806369709,-32.54813859079883,27.74105878442912,-27.74105878442912,0.04229780432439872,24,9
14405.8,23.7776,1524.6059325748056,-4.810769960104401,-32.506197079044476,27.695427118940074,-27.695427118940074,0.03392679382231886,24,9
14429.3,23.7697,1524.6042273379715,-4.811042320981543,-32.525407544493206,27.714365223511663,-27.714365223511663,0.03863657380286628,24,9
14452.7,23.7589,1524.6044354723751,-4.807908855008002,-32.5416550401082,27.733746185100202,-27.733746185100202,0.02887440032639803,24,9
14476.2,23.7042,1524.591481424917,-4.815960007499773,-32.5393069367163,27.72334692921653,-27.72334692921653,0.05370755604052634,24,9
14499.7,23.711,1524.6149483337467,-4.8119711687663225,-32.54021086856417,27.72823969979785,-27.72823969979785,0.03705270124582569,24,9
14523.2,23.6761,1524.6098564558447,-4.820108493644526,-32.50460761640189,27.684499122757366,-27.684499122757366,0.03770953818384562,24,9
14546.7,23.711,1524.5841439345754,-4.824834306895251,-32.51967778273851,27.69484347584326,-27.69484347584326,0.04252039270319081,24,9
14570.2,23.711,1524.5933136405968,-4.8254087944916755,-32.54699339087502,27.721584596383348,-27.721584596383348,0.04868560506083757,24,9
14593.6,23.7203,1524.5963537345783,-4.827492199776863,-32.56194345846503,27.734451258688168,-27.734451258688168,0.04567541317233738,24,9
14617.1,23.6911,1524.5887487681125,-4.827023954026859,-32.547478301369466,27.720454347342606,-27.720454347342606,0.03927965798530228,24,9
14640.6,23.6865,1524.5832045772272,-4.840558110470137,-32.54559551996307,27.705037409492935,-27.705037409492935,0.044371462687444886,24,9
14664.1,23.6594,1524.599452844517,-4.826505775848879,-32.54475416204623,27.718248386197352,-27.718248386197352,0.03998977314458648,24,9
14687.6,23.6368,1524.5774863477714,-4.841751691291148,-32.56179175279994,27.720040061508794,-27.720040061508794,0.045446062338030876,24,9
14711.0,23.5916,1524.5831243850619,-4.828741100048393,-32.584622037058416,27.755880937010023,-27.755880937010023,0.03575821580103977,24,9
14734.5,23.5998,1524.613390944015,-4.821006064667227,-32.55614431359696,27.735138248929733,-27.735138248929733,0.04217968129692877,24,9
14758.0,23.627,1524.6133568803496,-4.825861369856444,-32.57967059727306,27.753809227416614,-27.753809227416614,0.034652883968287654,24,9
14781.5,23.6156,1524.5716566900853,-4.846971267079658,-32.55691186503198,27.70994059795232,-27.70994059795232,0.03621882052195571,24,9
14805.0,23.5844,1524.6069595821757,-4.815943861413636,-32.532537306141364,27.716593444727728,-27.716593444727728,0.032121368722206924,24,9
14828.4,23.588,1524.6178003855614,-4.835474868498725,-32.58553785590314,27.750062987404416,-27.750062987404416,0.036126665336613975,24,9
14851.9,23.6015,1524.6244377725645,-4.82526277771056,-32.5666715631142,27.74140878540364,-27.74140878540364,0.039788786787631404,24,9
14875.4,23.6074,1524.643865198274,-4.8285779665598865,-32.59990434430682,27.771326377746934,-27.771326377746934,0.04469877116381942,24,9
14898.9,23.5501,1524.6129920137707,-4.847210776304854,-32.582561170073674,27.73535039376882,-27.73535039376882,0.03339161303121751,24,9
14922.3,23.528,1524.5834294941517,-4.851514904884682,-32.55714453686298,27.705629631978297,-27.705629631978297,0.050020955277787486,24,9
14945.8,23.5432,1524.5825106845286,-4.85237829728492,-32.56243346369673,27.710055166411806,-27.710055166411806,0.023682327453627302,24,9
14969.3,23.5303,1524.570278945115,-4.856873309602289,-32.56077429182191,27.70390098221962,-27.70390098221962,0.0421758013701685,24,9
14992.8,23.5356,1524.631297726153,-4.822888484356898,-32.592982001606885,27.770093517249986,-27.770093517249986,0.0358367669037774,24,9
15016.3,23.5076,1524.5804255085975,-4.857254603798413,-32.60556756978701,27.7483129659886,-27.7483129659886,0.03778967494896249,24,9
15039.7,23.4907,1524.5917381058923,-4.85087673140433,-32.56414592249274,27.71326919108841,-27.71326919108841,0.03339420738591898,24,9
15063.2,23.4977,1524.5873336229124,-4.857835079144887,-32.57900850586433,27.721173426719442,-27.721173426719442,0.038738567610694295,24,9
15086.7,23.4992,1524.573607249406,-4.858625312880345,-32.59915610375402,27.740530790873674,-27.740530790873674,0.046364181639025386,24,9
15110.2,23.4557,1524.6021098748913,-4.859306169178553,-32.56302051132681,27.70371434214826,-27.70371434214826,0.03403432329222209,24,9
15133.7,23.3678,1524.5740933426443,-4.854948901059327,-32.59105418228153,27.736105281222205,-27.736105281222205,0.036855999266552024,24,9
15157.1,23.407,1524.5963126414651,-4.870839864699487,-32.60133454815043,27.730494683450946,-27.730494683450946,0.0353476783418413,24,9
15180.6,23.3983,1524.5807479659727,-4.880872416818887,-32.57886936225269,27.6979969454338,-27.6979969454338,0.03877956058417134,24,9
15204.1,23.4325,1524.5991221242477,-4.856726731752138,-32.587337581996934,27.730610850244794,-27.730610850244794,0.035089348817090076,24,9
15227.6,23.441,1524.5752224803123,-4.878505129546303,-32.603836133977566,27.72533100443126,-27.72533100443126,0.043019664065765295,24,9
15251.1,23.3661,1524.558151948151,-4.885134474487302,-32.588459115224055,27.703324640736753,-27.703324640736753,0.03600514580060402,24,9
15274.5,23.3923,1524.6086018564788,-4.865724668016945,-32.609524809471324,27.74380014145438,-27.74380014145438,0.04244620990485135,24,9
15298.0,23.3794,1524.573212625242,-4.875924722348343,-32.60802973869948,27.732105016351134,-27.732105016351134,0.03425444899654595,24,9
15321.5,23.3691,1524.5948599330418,-4.871045849336883,-32.61085723548981,27.739811386152926,-27.739811386152926,0.036869562602159775,24,9
15345.0,23.4048,1524.5776563083466,-4.882099870291173,-32.60537870728286,27.72327883699169,-27.72327883699169,0.033869652723433445,24,9
15368.4,23.3708,1524.591546347142,-4.859052202662637,-32.59598895027046,27.73693674760782,-27.73693674760782,0.03874111508597871,24,9
15391.9,23.3463,1524.5769418802722,-4.896570845667065,-32.624074427071264,27.7275035814042,-27.7275035814042,0.045705329772979336,24,9
15415.4,23.3226,1524.5866999828595,-4.866926836892046,-32.60466081545409,27.737733978562044,-27.737733978562044,0.03759059355247659,24,9
15438.9,23.3163,1524.5710716191986,-4.89233710394551,-32.60395210450568,27.71161500056017,-27.71161500056017,0.04230757000128031,24,9
15462.4,23.3233,1524.5768991745613,-4.8815865067090645,-32.614496904513175,27.732910397804112,-27.732910397804112,0.05136429570811265,24,9
15485.8,23.3253,1524.5668092047588,-4.880788222098252,-32.615216210596934,27.73442798849868,-27.73442798849868,0.0387204363803152,24,9
15509.3,23.3154,1524.5755041171976,-4.884289106867621,-32.61506517154594,27.730776064678324,-27.730776064678324,0.04250135563680891,24,9
15532.8,23.2973,1524.5854860354295,-4.866911701034701,-32.60203276773633,27.73512106670163,-27.73512106670163,0.0399275607135205,24,9
15556.3,23.2901,1524.5861989454745,-4.887529176842109,-32.63441757949349,27.74688840265138,-27.74688840265138,0.04353169424693872,24,9
15579.8,23.2564,1524.6043107177697,-4.876492438997895,-32.60432803800994,27.727835599012046,-27.727835599012046,0.04800162567906968,24,9
15603.2,23.2436,1524.563221826366,-4.906146855830888,-32.620431394139864,27.714284538308977,-27.714284538308977,0.03841451843410294,24,9
15626.7,23.2516,1524.596076087764,-4.893065237036975,-32.64381210242222,27.750746865385242,-27.750746865385242,0.036584859626274585,24,9
15650.2,23.2639,1524.5344372057482,-4.900693286921614,-32.60829376198706,27.707600475065448,-27.707600475065448,0.045708363802647804,24,9
15673.7,23.2719,1524.5669321826738,-4.88645185207417,-32.624269964812704,27.737818112738534,-27.737818112738534,0.05506759412058525,24,9
15697.2,23.253,1524.5583970423238,-4.9023869921118415,-32.6352546173011,27.732867625189257,-27.732867625189257,0.044100169454310514,24,9
15720.6,23.2183,1524.581354129255,-4.906493752381227,-32.654655818337744,27.748162065956517,-27.748162065956517,0.038418562936796616,24,9
15744.1,23.2494,1524.5607508131716,-4.901130326157036,-32.66106822944792,27.759937903290883,-27.759937903290883,0.04978161227539285,24,9
15767.6,23.2209,1524.5913088153054,-4.882599069970149,-32.638329364117666,27.75573029414752,-27.75573029414752,0.037043202788679216,24,9
15791.1,23.2222,1524.5918479418392,-4.896244035045843,-32.64177784623946,27.745533811193614,-27.745533811193614,0.04182568380338269,24,9
15814.6,23.2169,1524.5730817661424,-4.9036487782220775,-32.650225273739736,27.746576495517658,-27.746576495517658,0.052756346622449636,24,9
15838.0,23.2017,1524.5835767163453,-4.890716971513359,-32.64191863167369,27.75120166016033,-27.75120166016033,0.042168150006453776,24,9
15861.5,23.1957,1524.5613695695433,-4.907992917835225,-32.60912095821842,27.701128040383196,-27.701128040383196,0.04257448936716961,24,9
15885.0,23.1946,1524.558087894464,-4.925283401817704,-32.63916386143427,27.713880459616565,-27.713880459616565,0.03928234164998977,24,9
15908.5,23.1904,1524.5826496563338,-4.891834775386039,-32.6229363246187,27.731101549232662,-27.731101549232662,0.04972504440764609,24,9
15932.0,23.1744,1524.5943938393252,-4.8983281963479826,-32.65740721437057,27.75907901802259,-27.75907901802259,0.045830734382308135,24,9
15955.4,23.1568,1524.5824445201117,-4.90891988680522,-32.64983528788776,27.74091540108254,-27.74091540108254,0.040768239097065506,24,9
15978.9,23.1542,1524.5646793477242,-4.894412486178703,-32.644206362125985,27.749793875947283,-27.749793875947283,0.04728751412521244,24,9
16002.4,23.1522,1524.534389542304,-4.932196045715434,-32.622280646958515,27.69008460124308,-27.69008460124308,0.039345022271052986,24,9
16025.9,23.1426,1524.5618418497127,-4.916852053202503,-32.64420625693852,27.727354203736013,-27.727354203736013,0.054544234522824565,24,9
16049.3,23.1495,1524.5657365454215,-4.906272752047562,-32.662332918708195,27.75606016666063,-27.75606016666063,0.038075833591531785,24,9
16072.8,23.1346,1524.5595104844228,-4.9259059258076245,-32.64360416214252,27.717698236334897,-27.717698236334897,0.04432198880098464,24,9
16096.3,23.1324,1524.5520646391792,-4.911415569013761,-32.642321107398736,27.730905538384974,-27.730905538384974,0.04390545502456301,24,9
16119.8,23.1243,1524.5673243524802,-4.916910686186618,-32.66206473329873,27.74515404711211,-27.74515404711211,0.050722000446365476,24,9
16143.3,23.1221,1524.5574499391967,-4.931760183606346,-32.650630026476975,27.718869842870628,-27.718869842870628,0.03122427672185236,24,9
16166.7,23.117,1524.5654577313387,-4.920869382534266,-32.655051815963326,27.73418243342906,-27.73418243342906,0.04404738152363775,24,9
16190.2,23.0863,1524.5677526718644,-4.9309266039251565,-32.6887401715326,27.757813567607442,-27.757813567607442,0.0385547955422444,24,9
16213.7,23.0548,1524.5784058737077,-4.914838998244457,-32.65410789883944,27.739268900594986,-27.739268900594986,0.049059719441644487,24,9
16237.2,23.0398,1524.5962873687854,-4.920092581663759,-32.70596408773353,27.785871506069768,-27.785871506069768,0.03114108827433386,24,9
16260.6,23.071,1524.5537903834283,-4.946887711567436,-32.659036800657105,27.71214908908967,-27.71214908908967,0.03803241437526948,24,9
16284.1,23.0578,1524.5618822787999,-4.935910590044319,-32.67235030733109,27.736439717286768,-27.736439717286768,0.04025527755734714,24,9
16307.6,23.0622,1524.5637686946354,-4.931686304491215,-32.6738592345926,27.742172930101383,-27.742172930101383,0.0440815515472193,24,9
16331.1,23.0457,1524.5527918807923,-4.941960935635712,-32.65486342123119,27.712902485595478,-27.712902485595478,0.04518685090947626,24,9
16354.6,23.0211,1524.5767154259881,-4.922906640528026,-32.66250742334236,27.739600782814335,-27.739600782814335,0.04372906037951629,24,9
16378.0,23.0375,1524.58321119208,-4.927125237779422,-32.67913286525763,27.752007627478207,-27.752007627478207,0.04053148285240414,24,9
16401.5,23.0191,1524.5743428603982,-4.925527992106588,-32.703169548682375,27.777641556575787,-27.777641556575787,0.03845530026437754,24,9
16425.0,23.0179,1524.587263243028,-4.919351341566299,-32.68232321124232,27.762971869676022,-27.762971869676022,0.036577442208630274,24,9
16448.5,22.9868,1524.5882145612875,-4.929228872963037,-32.696777577333386,27.76754870437035,-27.76754870437035,0.042023630987726115,24,9
16472.0,22.9892,1524.5476303608334,-4.964363597351177,-32.67031317780057,27.705949580449396,-27.705949580449396,0.043529725266203585,24,9
16495.4,22.9918,1524.5767201544697,-4.936761600734506,-32.701593628750075,27.76483202801557,-27.76483202801557,0.040569767123770376,24,9
16518.9,22.9866,1524.5747685587864,-4.936754625727743,-32.68100819040229,27.744253564674544,-27.744253564674544,0.039087337898370954,24,9
16542.4,22.9809,1524.5721546912248,-4.945551658749395,-32.66669556734908,27.721143908599686,-27.721143908599686,0.036895929503586125,24,9
16565.9,22.9838,1524.5685142949017,-4.942555382543917,-32.689202108969,27.746646726425084,-27.746646726425084,0.04689591286352098,25,9
16589.3,22.967,1524.5556840534239,-4.948115731611867,-32.66406572408465,27.715949992472783,-27.715949992472783,0.04652948596434619,24,9
16612.8,22.9452,1524.5322067168288,-4.960874393050724,-32.682362749300054,27.72148835624933,-27.72148835624933,0.03909283006897014,24,9
16636.3,22.9552,1524.583617541625,-4.938732655949432,-32.69890384240406,27.760171186454627,-27.760171186454627,0.040841058429957305,24,9
16659.8,22.9487,1524.5658355688556,-4.956850028557192,-32.710234383549114,27.753384354991923,-27.753384354991923,0.03888906350363516,25,9
16683.3,22.893,1524.5682932164466,-4.961194453019749,-32.70298986378513,27.741795410765377,-27.741795410765377,0.039718171686096454,25,9
16706.7,22.9279,1524.5324554112824,-4.965745173242592,-32.68110057568906,27.715355402446466,-27.715355402446466,0.05512698990255849,24,9
16730.2,22.9088,1524.580022690415,-4.944465789774588,-32.7028671830336,27.758401393259007,-27.758401393259007,0.043056401160923026,24,9
16753.7,22.9141,1524.6035127635018,-4.930291229138617,-32.703448847645255,27.773157618506637,-27.773157618506637,0.035991270656003015,25,9
16777.2,22.9071,1524.592993064445,-4.94749920736883,-32.70035795466508,27.75285874729625,-27.75285874729625,0.04398908897201668,25,9
16803.9,22.8981,1524.553924298244,-4.9709221956104015,-32.70168916140095,27.730766965790547,-27.730766965790547,0.03668788229229075,24,9
16827.4,22.89,1524.5879719021714,-4.935907735853286,-32.717567288044926,27.78165955219164,-27.78165955219164,0.04906426703521028,25,9
16850.9,22.8823,1524.5590620285232,-4.957560199308974,-32.70654429647161,27.74898409716264,-27.74898409716264,0.039960175540015394,24,9
16874.4,22.849,1524.5889178986997,-4.961173657151024,-32.71967494556605,27.758501288415026,-27.758501288415026,0.03244649839871967,25,9
16897.8,22.8221,1524.5714685729831,-4.964915153195365,-32.723158992285356,27.758243839089992,-27.758243839089992,0.042380472529778286,25,9
16921.3,22.8527,1524.566782373522,-4.9621384832456865,-32.70455493766584,27.74241645442015,-27.74241645442015,0.03406043868564121,24,9
16944.8,22.8362,1524.5769448652736,-4.9512459213924584,-32.72067866700258,27.76943274561012,-27.76943274561012,0.06139740217406121,25,9
16968.3,22.8504,1524.6141146279235,-4.9465448641521075,-32.73259243232184,27.786047568169728,-27.786047568169728,0.039753549187448826,25,9
16991.8,22.8511,1524.5739450387875,-4.976908806543353,-32.741410172116005,27.764501365572652,-27.764501365572652,0.0557850335364861,25,9
17015.2,22.7965,1524.5793570996918,-4.966631203668166,-32.71730990637195,27.750678702703787,-27.750678702703787,0.051322589189834095,24,9
17038.7,22.7903,1524.5875667135617,-4.939374560867145,-32.739660639358036,27.800286078490892,-27.800286078490892,0.03986730428297954,25,9
17062.2,22.8155,1524.5584549775472,-4.957358711050163,-32.731373115610246,27.774014404560084,-27.774014404560084,0.04649789757553942,25,9
17085.7,22.7924,1524.6121232407768,-4.946848733442264,-32.73686534397957,27.7900166105373,-27.7900166105373,0.05255863083125486,25,9
17109.1,22.7921,1524.5711619205767,-4.960838976915112,-32.756976698652544,27.79613772173743,-27.79613772173743,0.05159826823874767,25,9
17132.6,22.7869,1524.5761511550404,-4.9691956777442305,-32.720318269913164,27.751122592168933,-27.751122592168933,0.04822728817671885,25,9
17156.1,22.7696,1524.5838220122077,-4.963707071985807,-32.73487120121819,27.771164129232382,-27.771164129232382,0.0386559526550169,25,9
