fringe,start_nm,shift_nm,phase_change_rad
dip@1477.9,1477.9054640212696,1.8626505333427303,2.1387737211692386
peak@1480.6,1480.6387856407725,1.9804445102195132,2.1636061300234273
dip@1483.5,1483.4824189408228,2.1716204951005693,2.2409862501238083
peak@1486.4,1486.4833690035805,2.4530352647277596,2.3674960272741066
dip@1489.8,1489.8306511177607,2.639834141243682,2.3480726718748492
peak@1493.4,1493.4545770344034,2.9359607220412727,2.359194274498523
dip@1497.4,1497.4093682133662,3.604899811030691,2.530732062075193
peak@1501.9,1501.9389561891433,4.515577130858674,2.6142563275524107
dip@1507.7,1507.5748282145241,6.607015921942548,2.6777755313179545
dip@1542.3,1542.2786763979561,-7.4262655548750445,3.1032732459171015
peak@1547.2,1547.3371737036744,-5.362036149613687,3.3312214268222764
dip@1551.3,1551.3003155002802,-4.384981180870227,3.3990241153613
peak@1554.7,1554.6699507993342,-3.8570148162532405,3.486805643402321
dip@1557.8,1557.7512852233838,-3.5068809313308975,3.583952458853161
peak@1560.5,1560.5118181915755,-3.2174943478983096,3.6331417387329865
dip@1563.1,1563.0777555997524,-3.0504668203534493,3.7477194870500625
peak@1565.4,1565.4338643310334,-2.8572251503132975,3.7771168848084997
dip@1567.7,1567.6525099079822,-2.7467210346808315,3.872073743619385
peak@1569.7,1569.7243449810112,-2.6199830387697602,3.9120061791830048
dip@1571.7,1571.695067124662,-2.524421969562127,3.9707562333206563
peak@1573.6,1573.566391742443,-2.437834718100021,4.0210899741666335
