label,kind,start_wavelength,sensitivity_nm_per_C,sensitivity_pm_per_C,r_squared,stderr_pm_per_C,n_points,rmse_linear_pm,rmse_quadratic_pm,curvature_pm_per_C2,sensitivity_at_tmin_pm_per_C,sensitivity_at_tmax_pm_per_C,curvature_p_value
dip@1477.9,dip,1477.9,-0.08793272522435304,-87.93272522435304,0.9995928853612688,0.06577057286513996,730,9.904744179136435,9.12223842780582,0.25056743920191027,-90.15440830364257,-84.8200530337292,7.8135655178952205e-28
peak@1480.6,peak,1480.6,-0.09437193534082854,-94.37193534082854,0.9993157125364969,0.0915261312909571,730,13.783412195639718,10.886728734371786,0.5489493053786757,-99.23925324554355,-87.5526165884064,1.5646584558873043e-76
dip@1483.5,dip,1483.5,-0.10252167297181426,-102.52167297181427,0.999632164028553,0.07288815931030306,730,10.976619789158772,10.6190815597004,0.18044331780715966,-104.12159300613502,-100.28011716900662,4.016735627265666e-12
peak@1486.4,peak,1486.4,-0.11524209831495016,-115.24209831495017,0.9991249457035702,0.12640174431865228,730,19.035518268039024,19.002137197510127,-0.07317334441401706,-114.59329900688059,-116.15109365344505,0.11027693740031458
dip@1489.8,dip,1489.8,-0.12483209307724336,-124.83209307724336,0.999691774831712,0.081238435766953,730,12.234132815519033,12.14925022754627,0.09342265201236945,-125.66043504308763,-123.67155086213108,0.0014696231422997874
peak@1493.4,peak,1493.4,-0.14126701916287046,-141.26701916287047,0.9977610754200053,0.2480170543528111,730,37.35022166319655,28.305920839710872,1.582417531570944,-155.2976939607493,-121.60944888938235,1.2981806331248333e-89
dip@1497.4,dip,1497.4,-0.17273902800506574,-172.73902800506573,0.9990700656942448,0.19532280079972417,730,29.414710713275674,22.572377515070382,1.224745242277083,-183.5983630805855,-157.52463914322445,1.1679898116702964e-85
peak@1501.9,peak,1501.9,-0.20956987201934482,-209.5698720193448,0.9944344114152623,0.5810729198858928,730,87.50689510789054,73.95918707090127,3.037172598301862,-236.49928867576597,-171.8406175132578,4.30684401335766e-55
dip@1507.7,dip,1507.7,-0.3203186371972162,-320.3186371972162,0.9958728906146183,0.7642537055186517,730,115.09307447637488,75.83891073158328,5.621835242739292,-370.16524246114494,-250.48142979494392,7.816624986340867e-134
peak@1515.7,peak,1515.7,-0.14584246541120874,-145.84246541120874,0.6607238318684487,39.500415924506726,9,29.13413033194905,28.75109772958181,-125.24662090068972,-93.02860690124871,-205.03665997273578,0.702195213454551
dip@1526.2,dip,1526.2,-0.021329206347147488,-21.329206347147487,0.6040814240415059,1.5144614341687952,132,46.07771784847256,41.61534729917137,5.968990170790612,-51.30639503096171,8.191902092462067,3.1101659997984225e-07
peak@1534.6,peak,1534.6,0.4034108259868286,403.41082598682857,0.911028936273967,15.883111325680296,65,196.67992172750186,161.5023512657235,-101.49363298796905,675.0288380497631,118.45805347033789,8.48099016717406e-07
dip@1542.3,dip,1542.3,0.3593383423370899,359.3383423370899,0.9971805005931724,0.7081691202601599,730,106.64699524704663,49.25615846619133,-6.142492480647112,413.8014108548986,283.03327418515426,4.1987834343924683e-246
peak@1547.2,peak,1547.2,0.2485444623058019,248.54446230580191,0.9969130068177922,0.5125988241613535,730,77.19501288602861,72.42085382519487,-1.735534188509373,263.9327623683852,226.98480147579036,5.900547342428809e-22
dip@1551.3,dip,1551.3,0.2097989243073476,209.7989243073476,0.9997778820633922,0.1158984479907307,730,17.453770403686693,14.42843222036839,-0.6377596341890932,215.45368851995585,201.87635989174083,4.152422439586114e-62
peak@1554.7,peak,1554.7,0.18410475408050725,184.10475408050726,0.9987090090156595,0.24532478933120272,730,36.94477899880114,32.03151574773336,-1.195448447915305,194.70432598623287,169.25430443371917,5.194068025111224e-47
dip@1557.8,dip,1557.8,0.16623922294686577,166.23922294686577,0.9997029131334726,0.1062121153090406,730,15.995053487185984,9.953357735926915,-0.8130752031570926,173.44844145870147,156.1388021511698,6.35779036736897e-152
peak@1560.5,peak,1560.5,0.15115281867190397,151.15281867190396,0.9997104397420157,0.09534170723398923,730,14.358020291100697,14.076560353255989,-0.18370780676346618,152.78168364800075,148.87070977903264,8.166912484681909e-08
dip@1563.1,dip,1563.1,0.14338059103969664,143.38059103969664,0.9999099152862012,0.050439385938224446,730,7.595938312626615,7.082838252863871,-0.17821402022613447,144.96074476812024,141.16672867012403,6.718976512549666e-24
peak@1565.4,peak,1565.4,0.13429665683967548,134.29665683967548,0.999730701277977,0.0816911751323999,730,12.302313270686211,12.123435851667281,0.13573680137549043,133.09313192918586,135.98284626734883,3.964427621547936e-06
dip@1567.7,dip,1567.7,0.12931996556708827,129.31996556708827,0.9999165790526982,0.04377796449072997,730,6.592759042154642,6.592714070447362,-0.0015812969008379698,129.33398630587226,129.30032191802061,0.9206964182768468
peak@1569.7,peak,1569.7,0.12369058070703834,123.69058070703834,0.9997501849109551,0.07246603935814061,730,10.913050476089303,9.18888479495226,-0.38230003524195577,127.0802849810728,118.94146130080327,2.772177468611892e-56
dip@1571.7,dip,1571.7,0.1188527976740504,118.8527976740504,0.999914604555264,0.04070798594377869,730,6.130434467227669,6.129869652742425,-0.0054038021057073275,118.90071106523345,118.78566898182483,0.7144474036202336
peak@1573.6,peak,1573.6,0.1154026868226284,115.4026868226284,0.9997719092543746,0.06460313565923502,730,9.728933533644145,8.222582816225607,0.33768325358398416,112.4085820297935,119.59755458366828,4.257685869668702e-55
